kakao,뽕나무쟁이 선릉본점,모둠족발 (중)
kakao,뽕나무쟁이 선릉본점,뽕.족발 (중)
kakao,뽕나무쟁이 선릉본점,양념.족발 (중)
kakao,뽕나무쟁이 선릉본점,모둠족발 (대)
kakao,뽕나무쟁이 선릉본점,모둠족발 (특대)
kakao,농민백암순대 본점,국밥
kakao,농민백암순대 본점,국밥 (특)
kakao,농민백암순대 본점,국밥 (정식)
kakao,농민백암순대 본점,토종순대
kakao,농민백암순대 본점,술국
kakao,농민백암순대 본점,모둠수육
kakao,농민백암순대 본점,오소리감투
kakao,도쿄등심 선릉점,워터에이징 한우 등심 (130g)
kakao,도쿄등심 선릉점,워터에이징 한우 안심 (130g)
kakao,도쿄등심 선릉점,런치 스페셜A (100g)
kakao,도쿄등심 선릉점,런치 스페셜B (100g)
kakao,도쿄등심 선릉점,런치 스페셜C (100g)
kakao,마담밍 선릉점,짜장면
kakao,마담밍 선릉점,게살볶음밥
kakao,마담밍 선릉점,찹쌀탕수육
kakao,마담밍 선릉점,궁보기정 (2인기준)
kakao,마담밍 선릉점,오향장육 (2인기준)
kakao,신동궁감자탕뼈숯불구이 선릉직영점,뼈해장국
kakao,신동궁감자탕뼈숯불구이 선릉직영점,묵은지김치찜
kakao,신동궁감자탕뼈숯불구이 선릉직영점,낙지뚝배기
kakao,신동궁감자탕뼈숯불구이 선릉직영점,뼈숯불구이 (소)
kakao,신동궁감자탕뼈숯불구이 선릉직영점,감자탕 (소)
kakao,경천애인2237,경애등.안.채 (150g)
kakao,경천애인2237,특안심 (150g)
kakao,경천애인2237,꽃등심 (150g)
kakao,경천애인2237,일품 채끝 (150g)
kakao,경천애인2237,소갈비살 (120g)
kakao,김돈이 본점,냉면
kakao,김돈이 본점,흑도새기 (600g)
kakao,김돈이 본점,백도새기 (600g)
kakao,김돈이 본점,김치찌개국밥
kakao,김돈이 본점,김치찌개
kakao,진풍정 강남점,육회
kakao,진풍정 강남점,일품갈비찜
kakao,진풍정 강남점,전복요리
kakao,진풍정 강남점,회무침
kakao,신도세기 선릉점,SGP 통삼겹 (150g)
kakao,신도세기 선릉점,SGP 꽃목살 (150g)
kakao,신도세기 선릉점,SGP 통갈매기 (150g)
kakao,신도세기 선릉점,SGP 숄더랙
kakao,별양집,특양구이 (170g)
kakao,별양집,대창구이 (200g)
kakao,별양집,곱창구이 (150g)
kakao,별양집,홍창구이
kakao,별양집,양념왕갈비
kakao,별양집,양밥
kakao,별양집,곱창전골 (2인분)
kakao,별양집,대창덮밥 (점심특선)
kakao,별양집,순두부된장찌개 (점심특선)
kakao,별양집,갈비덮밥 (점심특선)
kakao,스시소라,스시 오마카세 (Counter) (점심)
kakao,스시소라,스시 오마카세 (Counter) (저녁)
kakao,스시소라,스시코스 (Room) (저녁)
kakao,스시소라,스시 오마카세 (Room) (저녁)
kakao,스시소라,사시미 오마카세 (Room) (저녁)
kakao,피양콩할마니 본점,콩비지
kakao,피양콩할마니 본점,김치콩비지
kakao,피양콩할마니 본점,무콩비지
kakao,피양콩할마니 본점,버섯콩비지
kakao,피양콩할마니 본점,만두국
kakao,피양콩할마니 본점,피양만두
kakao,피양콩할마니 본점,콩국수
kakao,피양콩할마니 본점,들깨수제비
kakao,피양콩할마니 본점,콩비지전골 (대)
kakao,피양콩할마니 본점,콩비지전골 (중)
kakao,피양콩할마니 본점,만두전골 (대)
kakao,피양콩할마니 본점,만두전골 (중)
kakao,피양콩할마니 본점,수육
kakao,피양콩할마니 본점,보쌈
kakao,피양콩할마니 본점,모듬전
kakao,사람사는고깃집김일도 선릉점,김일도한판 (700g)
kakao,사람사는고깃집김일도 선릉점,삼겹살 (160g)
kakao,사람사는고깃집김일도 선릉점,꽃목살 (160g)
kakao,사람사는고깃집김일도 선릉점,항정살 (150g)
kakao,사람사는고깃집김일도 선릉점,가브리살 (150g)
kakao,사람사는고깃집김일도 선릉점,갈매기살 (150g)
kakao,사람사는고깃집김일도 선릉점,양념소갈빗살 (150g)
kakao,사람사는고깃집김일도 선릉점,수제소세지 (120g)
kakao,사람사는고깃집김일도 선릉점,속풀이된장술밥
kakao,사람사는고깃집김일도 선릉점,날치알볶음밥
kakao,사람사는고깃집김일도 선릉점,가락청국장찌개
kakao,사람사는고깃집김일도 선릉점,김일도 냉면 (물/비빔)
kakao,사람사는고깃집김일도 선릉점,얼큰쌀면
kakao,테라로사 포스코센터점,카페라떼
kakao,테라로사 포스코센터점,카푸치노
kakao,테라로사 포스코센터점,에스프레소 마키아토
kakao,테라로사 포스코센터점,에스프레소 더블
kakao,테라로사 포스코센터점,아메리카노 에센틱 시즌10(HOT)
kakao,진대감 선릉점,날치알볶음밥
kakao,진대감 선릉점,한우차돌삼합
kakao,진대감 선릉점,한우차돌박이
kakao,진대감 선릉점,한우1++ 소복불고기
kakao,진대감 선릉점,시원한 묵사발
kakao,진대감 선릉점,한우1++꽃등심
kakao,진대감 선릉점,한우꽃게된장찌개
kakao,진대감 선릉점,관자장비빔밥
kakao,진대감 선릉점,진대감얼큰면
kakao,마초갈비 선릉역점,마초생갈비 (250g)
kakao,마초갈비 선릉역점,마초 갈비 (250g)
kakao,마초갈비 선릉역점,마초 왕갈비 (350g)
kakao,마초갈비 선릉역점,마초이동갈비 (350g)
kakao,마초갈비 선릉역점,마초매운등갈비 (300g)
kakao,마초갈비 선릉역점,생삼겹살 (180g)
kakao,마초갈비 선릉역점,마초 꽃살 (180g)
kakao,마초갈비 선릉역점,한우차돌박이(180g)
kakao,참치그라,골드 스페셜(1인)
kakao,참치그라,다이아몬드 스페셜(1인)
kakao,참치그라,보통회(1인)
kakao,참치그라,가모츠루 혼죠조 가라구치(720ml)
kakao,참치그라,나 별일 없이 산다(720ml)
kakao,참치그라,남부비진 긴죠(720ml)
kakao,참치그라,노호홍(500ml)
kakao,참치그라,대통주
kakao,참치그라,란만 혼죠조(720ml)
kakao,참치그라,매취순
kakao,참치그라,메이보 요와노츠키(500ml)
kakao,참치그라,메짜코로나 피노그라지오
kakao,참치그라,발렌타인17y
kakao,참치그라,백세주
kakao,참치그라,병맥주
kakao,참치그라,복분자
kakao,참치그라,봉고노 오니고로시(900ml)
kakao,참치그라,골드스페셜
kakao,참치그라,다이아몬드스페셜
kakao,참치그라,보통
kakao,반룡산,회냉면
kakao,반룡산,비빔냉면
kakao,반룡산,육수냉면
kakao,반룡산,섞음면
kakao,반룡산,가릿국밥
kakao,수담한정식,보리굴비정식
kakao,수담한정식,선비상
kakao,수담한정식,대감상
kakao,수담한정식,진연상
kakao,수담한정식,용왕상
kakao,세드라,마들렌
kakao,세드라,피낭시에
kakao,세드라,보스톡
kakao,하동관 강남분점,곰탕 (보통)
kakao,하동관 강남분점,곰탕 (특)
kakao,하동관 강남분점,수육 (대)
kakao,하동관 강남분점,수육 (중)
kakao,하동관 강남분점,곰탕 (20공)
kakao,하동관 강남분점,곰탕 (25공)
kakao,어로장,특장어덮밥
kakao,어로장,능이장어덮밥
kakao,어로장,제주식해물뚝배기
kakao,어로장,모둠회덮밥
kakao,타코벨 선릉점,수프림 타코
kakao,타코벨 선릉점,더블 치즈 데커 타코
kakao,타코벨 선릉점,크런치랩
kakao,타코벨 선릉점,타코치킨
kakao,타코벨 선릉점,퀘사디아
kakao,바스버거 선릉점,바스버거 (싱글)
kakao,바스버거 선릉점,바스치킨버거
kakao,바스버거 선릉점,하와이안버거
kakao,바스버거 선릉점,머쉬룸버거
kakao,바스버거 선릉점,탐욕버거
kakao,바스버거 선릉점,와사비마요쉬림프버거
kakao,바스버거 선릉점,과카몰리도그
kakao,마라테이블,마라탕 (기본)
kakao,마라테이블,마라샹궈 (기본)
kakao,마라테이블,마파두부
kakao,마라테이블,철판마라두부
kakao,마라테이블,마라룽샤
kakao,고반식당 선릉점,숙성 생삼겹살 (160g)
kakao,고반식당 선릉점,숙성 생목살 (160g)
kakao,고반식당 선릉점,돈치맛살 (130g)
kakao,고반식당 선릉점,돈차돌 (130g)
kakao,고반식당 선릉점,돈안창 (180g)
kakao,두레국수,두레국수
kakao,두레국수,비빔국수
kakao,두레국수,곱창전골 (1인분)
kakao,두레국수,소고기야채전골 (1인분)
kakao,두레국수,골뱅이파무침
kakao,삼미대포 선릉점,두툼 등심 (150g)
kakao,삼미대포 선릉점,갈비살 소금구이 (150g)
kakao,삼미대포 선릉점,갈비살 양념구이 (150g)
kakao,삼미대포 선릉점,진꽃갈비살 (150g)
kakao,삼미대포 선릉점,한우육회 (180g)
kakao,능라도 강남점,불고기(190g)
kakao,능라도 강남점,평양온반
kakao,능라도 강남점,평양냉면
kakao,능라도 강남점,비빔면 (소)
kakao,능라도 강남점,온면
kakao,평가옥 삼성점,접시만두 (6개)
kakao,평가옥 삼성점,녹두지짐 (2장)
kakao,평가옥 삼성점,평양 물냉면
kakao,평가옥 삼성점,평양 물냉면 (곱배기)
kakao,평가옥 삼성점,평양 비빔냉면
kakao,평가옥 삼성점,평양 비빔냉면 (곱배기)
kakao,통영집,특모듬회 (저녁메뉴) (1인)
kakao,통영집,모듬회 (저녁메뉴) (1인)
kakao,통영집,잡어모듬세꼬시 (저녁메뉴) (1인)
kakao,통영집,도다리세꼬기 (저녁메뉴) (1인)
kakao,통영집,특민어회 (여름 보양 별미) (1인)
kakao,몰타참치,가마도로 사시미 (특)
kakao,몰타참치,가마도로 사시미 (진)
kakao,몰타참치,가마도로 사시미 (선)
kakao,몰타참치,가마도로 사시미 (미)
kakao,몰타참치,생선사시미
kakao,로브니,Americano
kakao,로브니,Cafe Latte
kakao,로브니,Vanilla Latte
kakao,로브니,Royal Milk Tea
kakao,로브니,산펠레그리노 자몽(300ml)
kakao,코벤트가든 선릉점,볼로네제
kakao,코벤트가든 선릉점,상하이
kakao,코벤트가든 선릉점,봉골레
kakao,코벤트가든 선릉점,마레크림 리조또
kakao,코벤트가든 선릉점,마레토마토 리조또
kakao,잇쇼우,잇쇼우 스페셜 정식 A.Set
kakao,잇쇼우,잇쇼우정식
kakao,잇쇼우,붓가케정식
kakao,잇쇼우,수제생등심돈가스
kakao,잇쇼우,김치가츠나베
kakao,군자대한곱창 선릉점,모둠곱창
kakao,군자대한곱창 선릉점,소곱창
kakao,군자대한곱창 선릉점,소대창
kakao,군자대한곱창 선릉점,소막창
kakao,동보성 강남점,삼선짜장면
kakao,동보성 강남점,다진새우 짜장면
kakao,동보성 강남점,삼선짬뽕
kakao,동보성 강남점,해물탕면
kakao,동보성 강남점,삼선울면
kakao,츄라우미 역삼본점,가지 닭다리살 볶음
kakao,츄라우미 역삼본점,와규 타다끼
kakao,츄라우미 역삼본점,새우 감바스
kakao,츄라우미 역삼본점,양갈비 스테이크
kakao,츄라우미 역삼본점,특선 물회
kakao,미쓰양꼬치,온면
kakao,미쓰양꼬치,마라바지락볶음
kakao,미쓰양꼬치,고급양갈비
kakao,미쓰양꼬치,양꼬치
kakao,미쓰양꼬치,양갈비살
kakao,미쓰양꼬치,꼬치모듬
kakao,인평일등추어탕,전복추어탕
kakao,인평일등추어탕,반계추어탕
kakao,인평일등추어탕,우렁추어탕
kakao,인평일등추어탕,올갱이추어탕
kakao,인평일등추어탕,통추어탕
kakao,스시마이우 선릉역점,인기 BEST 1 (14P)
kakao,스시마이우 선릉역점,인기 BEST 2 (15P)
kakao,스시마이우 선릉역점,소고기 세트
kakao,스시마이우 선릉역점,활어 BEST
kakao,스시마이우 선릉역점,인기 BEST
kakao,스시마이우 선릉역점,새우초밥
kakao,스시마이우 선릉역점,계란초밥
kakao,스시마이우 선릉역점,가리비초밥
kakao,스시마이우 선릉역점,오징어초밥
kakao,스시마이우 선릉역점,유부초밥
kakao,스시마이우 선릉역점,문어초밥
kakao,스시마이우 선릉역점,생새우초밥
kakao,스시마이우 선릉역점,구운 관자초밥
kakao,스시마이우 선릉역점,소라초밥
kakao,스시마이우 선릉역점,타코와사비초밥
kakao,스시마이우 선릉역점,날치알 군함말이초밥
kakao,스시마이우 선릉역점,크래미 군함말이초밥
kakao,스시마이우 선릉역점,연어초밥
kakao,스시마이우 선릉역점,연어스테이크
kakao,스시마이우 선릉역점,광어초밥
kakao,카페레이어스튜디오,아메리카노
kakao,카페레이어스튜디오,카페라떼
kakao,카페레이어스튜디오,얼그레이 밀크티
kakao,카페레이어스튜디오,애플시나몬 에이드
kakao,카페레이어스튜디오,얼그레이
kakao,오징어풍경,오발 세트
kakao,오징어풍경,오발 Set
kakao,오징어풍경,기네스 Set
kakao,오징어풍경,오징어 불고기 (1인분)
kakao,오징어풍경,돼지 불고기 (1인분)
kakao,오징어풍경,조개누룽지탕
kakao,오징어풍경,국물 닭발
kakao,오징어풍경,오징어 튀김
kakao,오징어풍경,산낙지
kakao,오징어풍경,오징어숙회
kakao,오징어풍경,오징어 마늘 칩
kakao,오징어풍경,호두강정
kakao,오징어풍경,새우 튀김 (8마리)
kakao,오징어풍경,새우 튀김 (4마리)
kakao,오징어풍경,계란찜
kakao,오징어풍경,오징어 회
kakao,서래향,짜장면
kakao,서래향,중화비빔밥
kakao,서래향,유린기 (중)
kakao,서래향,난자완스 (중)
kakao,서래향,해물누룽지탕
kakao,서래향,탕수육 (중)
kakao,센도수산,숙성회 모둠 (소)
kakao,센도수산,게 내장구이 (소)
kakao,센도수산,가리비 구이 (소)
kakao,60년전통 신촌황소곱창 선릉직영점,황소곱창(180g)
kakao,60년전통 신촌황소곱창 선릉직영점,대창(200g)
kakao,60년전통 신촌황소곱창 선릉직영점,막창(홍창)(200g)
kakao,60년전통 신촌황소곱창 선릉직영점,벌집(벌양)(200g)
kakao,60년전통 신촌황소곱창 선릉직영점,양(깃)머리
kakao,창고43 역삼점,창고43 스페셜
kakao,창고43 역삼점,창고43 설화등심
kakao,창고43 역삼점,창고43 특안심
kakao,창고43 역삼점,창고43 새우살
kakao,창고43 역삼점,창고43 도시락
kakao,수다 대치점,닭 목살 구이
kakao,수다 대치점,아보카도 해물 샐러드
kakao,제주은희네해장국 선릉직영점,해장국
kakao,제주은희네해장국 선릉직영점,내장탕
kakao,제주은희네해장국 선릉직영점,돔베고기(소)
kakao,버드나무집 역삼점,육회
kakao,버드나무집 역삼점,양념갈비 국내산 (1대)
kakao,버드나무집 역삼점,양념갈비 미국산 (1대)
kakao,버드나무집 역삼점,주물럭
kakao,버드나무집 역삼점,등심
kakao,버드나무집 역삼점,안창살
kakao,버드나무집 역삼점,간장게장
kakao,버드나무집 역삼점,간장게장정식
kakao,버드나무집 역삼점,비빔냉면
kakao,버드나무집 역삼점,갈비정식
kakao,버드나무집 역삼점,(한우) 갈비탕
kakao,버드나무집 역삼점,(미국산) 갈비탕
kakao,버드나무집 역삼점,소고기국밥
kakao,버드나무집 역삼점,비빔밥
kakao,버드나무집 역삼점,육회비빔밥
kakao,버드나무집 역삼점,물냉면
kakao,남도사계고운님,모듬 (1인)
kakao,남도사계고운님,곱창
kakao,남도사계고운님,특양
kakao,남도사계고운님,막창
kakao,남도사계고운님,청국장
kakao,남도사계고운님,양수육 (중)
kakao,남도사계고운님,염통
kakao,남도사계고운님,양밥
kakao,바게트K,브리 샌드위치
kakao,바게트K,터키햄 샌드위치
kakao,바게트K,햄&치즈 샌드위치
kakao,바게트K,연어 샌드위치
kakao,바게트K,살라미 샌드위치
kakao,바게트K,하몽 샌드위치
kakao,바게트K,잠봉뵈르
kakao,해우리 선릉L7점,일식
kakao,이승재참치,실버코스
kakao,이승재참치,골드코스
kakao,이승재참치,참치회덮밥 (점심메뉴)
kakao,이승재참치,참치회쫄면 (점심메뉴)
kakao,이승재참치,동태+알탕 (점심메뉴)
kakao,초가집삼계탕,한방반계탕
kakao,초가집삼계탕,반계탕
kakao,초가집삼계탕,철판닭갈비 (1인)
kakao,초가집삼계탕,닭한마리
kakao,초가집삼계탕,닭볶음탕
kakao,청국장서갈비,청국장
kakao,청국장서갈비,김치찌개 (2인이상)
kakao,청국장서갈비,순두부
kakao,청국장서갈비,된장찌개
kakao,청국장서갈비,제육볶음
kakao,용호낙지 강남점,낙새
kakao,용호낙지 강남점,낙차새
kakao,용호낙지 강남점,낙곱새
kakao,용호낙지 강남점,용호전골 (소)
kakao,용호낙지 강남점,낙곱새 (2인)+새우튀김
kakao,용호낙지 강남점,용호전골+새우튀김 (소)
kakao,이자카야나무 선릉점,에그함박
kakao,이자카야나무 선릉점,밀푀유나베
kakao,이자카야나무 선릉점,통우럭사시미
kakao,이자카야나무 선릉점,왕새우튀김
kakao,이자카야나무 선릉점,모찌리도후샐러드
kakao,김영태스시앤사시미마을 강남본점,초미남 모듬초밥(10p)
kakao,김영태스시앤사시미마을 강남본점,돈까스
kakao,김영태스시앤사시미마을 강남본점,낙곱새(1인분)
kakao,김영태스시앤사시미마을 강남본점,참다랑어 모듬 뱃살
kakao,김영태스시앤사시미마을 강남본점,광어 사시미
kakao,샤오바오우육면,우육면 홍탕
kakao,샤오바오우육면,우육면 맑은탕
kakao,샤오바오우육면,향표만리
kakao,샤오바오우육면,꿔바러우(중)
kakao,샤오바오우육면,가지탕수
kakao,대찬횟집,광어(소)
kakao,대찬횟집,참돔(소)
kakao,대찬횟집,도다리세꼬시(소)
kakao,대찬횟집,물회(소)
kakao,대찬횟집,알탕
kakao,스시키,디너 스시오마카세
kakao,스시키,런치 스시오마카세
kakao,장정정,스테이크 덮밥 정식
kakao,장정정,칠리새우 덮밥 정식
kakao,장정정,오믈렛 카레정식
kakao,장정정,숯불고리 덮밥 정식
kakao,장정정,갈비통새우 완탕면 정식
kakao,블랙랩,에스프레소
kakao,블랙랩,아메리카노
kakao,블랙랩,카페라떼
kakao,블랙랩,스위스 초콜릿 라떼
kakao,블랙랩,플레인 요거트
kakao,마초야,돈카츠
kakao,마초야,킹새우카츠
kakao,마초야,모듬카츠
kakao,마초야,붓카케우동
kakao,마초야,토리텐 붓카케우동
kakao,마초야,애비동
kakao,외고집설렁탕,설렁탕
kakao,외고집설렁탕,머리고기 설렁탕
kakao,외고집설렁탕,설렁탕 (특)
kakao,외고집설렁탕,머리고기 설렁탕 (특)
kakao,외고집설렁탕,육개장
kakao,외고집설렁탕,도가니탕
kakao,외고집설렁탕,수육 (대)
kakao,외고집설렁탕,수육 (중)
kakao,외고집설렁탕,도가니수육
kakao,참치공방 선릉점,맛참치 (무한리필)
kakao,참치공방 선릉점,특참치 (무한리필)
kakao,참치공방 선릉점,스페샬 (무한리필)
kakao,참치공방 선릉점,주방장특선 (무한리필)
kakao,참치공방 선릉점,알탕
kakao,파이어벨 대치점,레오버거
kakao,파이어벨 대치점,루키버거
kakao,파이어벨 대치점,맥버거
kakao,파이어벨 대치점,하바나 버거
kakao,파이어벨 대치점,콜911버거
kakao,파이어벨 대치점,에그이고버거
kakao,파이어벨 대치점,칠리킹버거
kakao,꽃새우영번지 역삼점,동해안해삼
kakao,꽃새우영번지 역삼점,피문어숙회
kakao,꽃새우영번지 역삼점,도다리세꼬시
kakao,꽃새우영번지 역삼점,광어회
kakao,꽃새우영번지 역삼점,전복구이
kakao,꽃새우영번지 역삼점,가리비찜
kakao,꽃새우영번지 역삼점,도화새우찜
kakao,꽃새우영번지 역삼점,닭새우구이
kakao,꽃새우영번지 역삼점,꽃새우회
kakao,꽃새우영번지 역삼점,꽃새우구이
kakao,꽃새우영번지 역삼점,꽃새우라면
kakao,꽃새우영번지 역삼점,독도 새우 모둠
kakao,써브웨이 선릉점,풀드포크
kakao,써브웨이 선릉점,로스트 치킨
kakao,써브웨이 선릉점,미트볼
kakao,써브웨이 선릉점,에그마요
kakao,써브웨이 선릉점,참치
kakao,써브웨이 선릉점,터키 베이커 아보카도 찹 샐러드
kakao,팀호완 삼성점,차슈바오 번
kakao,팀호완 삼성점,부채교 (3pcs)
kakao,팀호완 삼성점,차슈 라이스 롤 (3pcs)
kakao,팀호완 삼성점,사천식 완탕 (4pcs)
kakao,팀호완 삼성점,연잎밥
kakao,이태리부대찌개 선릉직영점,부대찌개
kakao,이태리부대찌개 선릉직영점,부대전골
kakao,이태리부대찌개 선릉직영점,우삼겹부대전골 (중)
kakao,이태리부대찌개 선릉직영점,우삼겹부대볶음
kakao,이태리부대찌개 선릉직영점,돈가스
kakao,버거킹 선릉역점(2021년10월27일까지 휴업),아빠상어 새우버거 세트
kakao,버거킹 선릉역점(2021년10월27일까지 휴업),엄마상어 새우버거 세트
kakao,버거킹 선릉역점(2021년10월27일까지 휴업),불고기와퍼주니어세트
kakao,버거킹 선릉역점(2021년10월27일까지 휴업),몬스터X 세트
kakao,버거킹 선릉역점(2021년10월27일까지 휴업),불고기와퍼세트
kakao,버거킹 선릉역점(2021년10월27일까지 휴업),기네스와퍼 세트
kakao,버거킹 선릉역점(2021년10월27일까지 휴업),콰트로치즈X 세트
kakao,버거킹 선릉역점(2021년10월27일까지 휴업),통새우X 세트
kakao,버거킹 선릉역점(2021년10월27일까지 휴업),치즈렐라와퍼 세트
kakao,버거킹 선릉역점(2021년10월27일까지 휴업),기네스머쉬룸와퍼 세트
kakao,버거킹 선릉역점(2021년10월27일까지 휴업),기네스콰트로치즈와퍼 세트
kakao,버거킹 선릉역점(2021년10월27일까지 휴업),스태커 2 와퍼 세트
kakao,버거킹 선릉역점(2021년10월27일까지 휴업),스태커 3 와퍼 세트
kakao,버거킹 선릉역점(2021년10월27일까지 휴업),스태커 4 와퍼 세트
kakao,버거킹 선릉역점(2021년10월27일까지 휴업),콰트로치즈와퍼 세트
kakao,버거킹 선릉역점(2021년10월27일까지 휴업),몬스터와퍼 세트
kakao,버거킹 선릉역점(2021년10월27일까지 휴업),할라피뇨와퍼 세트
kakao,버거킹 선릉역점(2021년10월27일까지 휴업),통새우와퍼세트
kakao,버거킹 선릉역점(2021년10월27일까지 휴업),베이컨치즈와퍼세트
kakao,버거킹 선릉역점(2021년10월27일까지 휴업),리얼 와퍼 세트
kakao,재패니즈다이닝안심,사시미 (소)
kakao,재패니즈다이닝안심,안심 샐러드
kakao,재패니즈다이닝안심,츠크네
kakao,재패니즈다이닝안심,치킨가라아게
kakao,재패니즈다이닝안심,오뎅나베
kakao,별미곳간,별미즉석떡볶이(1인)
kakao,별미곳간,차돌박이즉석떡볶이(1인)
kakao,별미곳간,별미모둠튀김
kakao,별미곳간,치킨바삭떡볶이
kakao,별미곳간,부산어묵탕
kakao,별미곳간,아이스크림
kakao,사까나야바로바로 선릉점,모듬사시미
kakao,사까나야바로바로 선릉점,연어사시미
kakao,사까나야바로바로 선릉점,광어사시미
kakao,사까나야바로바로 선릉점,참치사시미
kakao,사까나야바로바로 선릉점,전복사시미
kakao,보영만두 선릉점,고기찐만두
kakao,보영만두 선릉점,고기군만두
kakao,보영만두 선릉점,고기만두국
kakao,보영만두 선릉점,김치만두국
kakao,보영만두 선릉점,물냉면
kakao,보영만두 선릉점,쫄면
kakao,청춘화로 선릉점,청춘 돼지한판
kakao,청춘화로 선릉점,청춘 소한판
kakao,청춘화로 선릉점,산채비빔밥
kakao,청춘화로 선릉점,된장찌개
kakao,청춘화로 선릉점,숙성 김치찌개
kakao,수라선 역삼점,전복장 무쇠솥밥 반상 (디너)
kakao,수라선 역삼점,꽃게장 무쇠솥밥 반상 (디너)
kakao,수라선 역삼점,양념소갈비 참숯구이 (1인분) (디너)
kakao,수라선 역삼점,제주흑돼지떡갈비 (디너)
kakao,수라선 역삼점,전복과제철생선물회 (디너)
kakao,우밀가 안동국시 선릉점,국시
kakao,우밀가 안동국시 선릉점,떡국
kakao,우밀가 안동국시 선릉점,수육 (소)
kakao,우밀가 안동국시 선릉점,전 (소)
kakao,우밀가 안동국시 선릉점,우밀정식
kakao,대도식당 삼성점,한우생등심(1인분)
kakao,선릉순대국,순대국
kakao,선릉순대국,순대국(특)
kakao,선릉순대국,술국
kakao,선릉순대국,머리고기
kakao,선릉순대국,머리고기+술국
kakao,이도곰탕 본점,곰탕
kakao,이도곰탕 본점,특곰탕
kakao,이도곰탕 본점,쌀면곰탕
kakao,이도곰탕 본점,특쌀면곰탕
kakao,이도곰탕 본점,수육
kakao,이남장,설러탕
kakao,이남장,갈비탕
kakao,이남장,내장탕
kakao,이남장,도가니탕
kakao,이남장,수육 (소)
kakao,백운봉막국수 본점,동치미 막국수
kakao,백운봉막국수 본점,비빔 막국수
kakao,백운봉막국수 본점,들기름 막국수
kakao,백운봉막국수 본점,평양식 막국수
kakao,백운봉막국수 본점,막국수+수육+전병
kakao,스타벅스 선릉세화빌딩점,블랙 글레이즈드 라떼
kakao,스타벅스 선릉세화빌딩점,아이스 블랙 글레이즈드 라떼
kakao,스타벅스 선릉세화빌딩점,시그니처 더 블랙 콜드 브루
kakao,스타벅스 선릉세화빌딩점,그린 글레이즈드 크림 프라푸치노
kakao,스타벅스 선릉세화빌딩점,제주 스노잉 백록담
kakao,스타벅스 선릉세화빌딩점,제주 카멜리아 티
kakao,스타벅스 선릉세화빌딩점,아이스 제주 카멜리아 티
kakao,스타벅스 선릉세화빌딩점,오늘의 커피
kakao,스타벅스 선릉세화빌딩점,카푸치노
kakao,스타벅스 선릉세화빌딩점,카페 라떼
kakao,스타벅스 선릉세화빌딩점,카페 모카
kakao,스타벅스 선릉세화빌딩점,카페 아메리카노
kakao,스타벅스 선릉세화빌딩점,카라멜 마키아또
kakao,스타벅스 선릉세화빌딩점,화이트 초콜릿 모카
kakao,스타벅스 선릉세화빌딩점,스타벅스 돌체 라떼
kakao,스타벅스 선릉세화빌딩점,자바 칩 프라푸치노
kakao,스타벅스 선릉세화빌딩점,망고 바나나 블렌디드
kakao,스타벅스 선릉세화빌딩점,아이스 자몽 허니 블랙 티
kakao,스타벅스 선릉세화빌딩점,자몽 허니 블랙 티
kakao,스타벅스 선릉세화빌딩점,콜드 브루
kakao,스타벅스 선릉세화빌딩점,디카페인 카페 아메리카노
kakao,스타벅스 선릉세화빌딩점,디카페인 카페 라떼
kakao,스타벅스 선릉세화빌딩점,제주 유기농 말차로 만든 라떼
kakao,스타벅스 선릉세화빌딩점,돌체 콜드 브루
kakao,맥도날드 선릉점,빅맥
kakao,맥도날드 선릉점,더블 불고기 버거
kakao,맥도날드 선릉점,슈비버거
kakao,맥도날드 선릉점,슈슈버거
kakao,맥도날드 선릉점,맥스파이시 상하이 버거
kakao,맥도날드 선릉점,아메리카노
kakao,맥도날드 선릉점,1955버거
kakao,맥도날드 선릉점,오레오 맥플러리
kakao,맥도날드 선릉점,딸기 오레오 맥플러리
kakao,맥도날드 선릉점,초코 오레오 맥플러리
kakao,맥도날드 선릉점,배칠러
kakao,맥도날드 선릉점,에그 불고기버거
kakao,맥도날드 선릉점,타로파이
kakao,맥도날드 선릉점,필레오피쉬
kakao,모범떡볶이1976 선릉점,차돌떡볶이(2인)
kakao,모범떡볶이1976 선릉점,통오징어떡볶이(2인)
kakao,모범떡볶이1976 선릉점,섞어떡볶이(3~4인)
kakao,카토멘 대치본점,퓨전라멘 (나마멘)
kakao,카토멘 대치본점,퓨전라멘 (곤약멘)
kakao,카토멘 대치본점,퓨전라멘 (우동멘)
kakao,모찌방,말차모찌
kakao,모찌방,곡물 오하기모찌
kakao,모찌방,밤 오하기모찌
kakao,모찌방,제주 유기농 세작
kakao,모찌방,말차라떼
kakao,모찌방,말차아이스크림
kakao,스타벅스 선릉역점,블랙 글레이즈드 라떼
kakao,스타벅스 선릉역점,아이스 블랙 글레이즈드 라떼
kakao,스타벅스 선릉역점,시그니처 더 블랙 콜드 브루
kakao,스타벅스 선릉역점,그린 글레이즈드 크림 프라푸치노
kakao,스타벅스 선릉역점,제주 스노잉 백록담
kakao,스타벅스 선릉역점,제주 카멜리아 티
kakao,스타벅스 선릉역점,아이스 제주 카멜리아 티
kakao,스타벅스 선릉역점,오늘의 커피
kakao,스타벅스 선릉역점,카푸치노
kakao,스타벅스 선릉역점,카페 라떼
kakao,스타벅스 선릉역점,카페 모카
kakao,스타벅스 선릉역점,카페 아메리카노
kakao,스타벅스 선릉역점,카라멜 마키아또
kakao,스타벅스 선릉역점,화이트 초콜릿 모카
kakao,스타벅스 선릉역점,스타벅스 돌체 라떼
kakao,스타벅스 선릉역점,자바 칩 프라푸치노
kakao,스타벅스 선릉역점,망고 바나나 블렌디드
kakao,스타벅스 선릉역점,아이스 자몽 허니 블랙 티
kakao,스타벅스 선릉역점,자몽 허니 블랙 티
kakao,스타벅스 선릉역점,콜드 브루
kakao,스타벅스 선릉역점,디카페인 카페 아메리카노
kakao,스타벅스 선릉역점,디카페인 카페 라떼
kakao,스타벅스 선릉역점,제주 유기농 말차로 만든 라떼
kakao,스타벅스 선릉역점,돌체 콜드 브루
kakao,일미집 강남직영점,감자탕 (소)
kakao,일미집 강남직영점,감자탕 (중)
kakao,일미집 강남직영점,감자탕 (대)
kakao,일미집 강남직영점,감자탕백반
kakao,스시산원,런치오마카세
kakao,스시산원,디너오마카세
kakao,스시산원,런치오마카세
kakao,스시산원,디너오마카세
kakao,치찌중화식탁,짜장면
kakao,치찌중화식탁,삼선짬뽕
kakao,치찌중화식탁,엤날 볶음밥
kakao,치찌중화식탁,마파두부 (소)
kakao,치찌중화식탁,사천 탕수육 (소)
kakao,치찌중화식탁,해파리 냉채
kakao,치찌중화식탁,깐풍중새우 (소)
kakao,봉우리 역삼본점,셰프 스페셜 정식
kakao,봉우리 역삼본점,상견례 정식
kakao,봉우리 역삼본점,봉우리 정식
kakao,봉우리 역삼본점,아롱사태찜 반상 (점심 반상)
kakao,봉우리 역삼본점,돼관령 황태구이 반상 (점심 반상)
kakao,천용,자장면
kakao,천용,전가복 (소)
kakao,천용,대마전복 (소)
kakao,천용,깐풍중새우 (소)
kakao,천용,게살볶음밥
kakao,조인바이트,시저 샐러드 (디너)
kakao,조인바이트,봉골레 파스타 (디너)
kakao,조인바이트,버섯&크림 리조또 (디너)
kakao,조인바이트,티본 스테이크 (500g) (디너)
kakao,조인바이트,스튜 (디너)
kakao,비야게레로,까르니따
kakao,비야게레로,초리소
kakao,금수복국 대치점,복껍질무침
kakao,금수복국 대치점,은복국
kakao,금수복국 대치점,밀복국
kakao,금수복국 대치점,복 사시미 세트
kakao,금수복국 대치점,복찜/복불고기 세트
kakao,금수복국 대치점,복회무침
kakao,금수복국 대치점,까치복튀김
kakao,금수복국 대치점,복물회
kakao,금수복국 대치점,복회덮밥
kakao,금수복국 대치점,전복산낙지복전골
kakao,금수복국 대치점,철판 복불고기
kakao,가연,손국시
kakao,가연,낙지데침
kakao,가연,유니짜장면
kakao,가연,잡탕밥
kakao,가연,찹쌀탕수육 (중)
kakao,애니홀,직화 불고기 덮밥
kakao,애니홀,수제 돈가스
kakao,애니홀,까르보나라 파스타
kakao,애니홀,직화 쭈꾸미 덮밥
kakao,애니홀,버섯 크림 리조또
kakao,애니홀,마르게리따 피자
kakao,애니홀,고르곤졸라 피자
kakao,애니홀,스파이시 페퍼로니 피자
kakao,애니홀,베이컨 포테이토 스푼피자
kakao,애니홀,리코타 치즈 샐러드
kakao,애니홀,케이준 치킨 샐러드
kakao,애니홀,치즈나쵸
kakao,애니홀,먹태구이
kakao,애니홀,치킨 가라아게
kakao,애니홀,포모도로파스타
kakao,애니홀,알리오올리오 파스타
kakao,애니홀,날치알&새우 파스타
kakao,애니홀,떡갈비 로제 파스타
kakao,애니홀,치킨 아라비아따 파스타
kakao,애니홀,해물 짬뽕 파스타
kakao,애니홀,게살 커리 리조또
kakao,애니홀,해물 토마토 리조또
kakao,애니홀,그린 샐러드
kakao,애니홀,유자 샐러드 피자
kakao,애니홀,크리스피 치킨
kakao,애니홀,간장갈릭 치킨
kakao,애니홀,데리야끼 치킨볶음
kakao,애니홀,직화쭈꾸미&소면
kakao,애니홀,골뱅이&소면
kakao,애니홀,직화불닭발&주먹밥
kakao,애니홀,치킨 퀘사디아
kakao,애니홀,감바스 알 아히요
kakao,애니홀,토마토 카프레제
kakao,애니홀,까르보 떡볶이
kakao,애니홀,모듬 소세지
kakao,애니홀,후라이드 포테이토
kakao,애니홀,나가사키 짬뽕
kakao,애니홀,해물 짬뽕탕
kakao,애니홀,번데기탕
kakao,애니홀,모듬포
kakao,애니홀,쥐포땅콩
kakao,애니홀,노가리
kakao,애니홀,클라우드 생맥주
kakao,애니홀,테라 생맥주
kakao,애니홀,참이슬
kakao,애니홀,처음처럼
kakao,애니홀,이즈백
kakao,모리향,짜장면
kakao,모리향,해물짬뽕
kakao,모리향,굴짬뽕
kakao,모리향,삼선짬뽕
kakao,모리향,볶음밥
kakao,모리향,삼선볶음밥
kakao,모리향,새우볶음밥
kakao,풍년집 선릉점,풍년 갈비살
kakao,풍년집 선릉점,풍년 안창살
kakao,풍년집 선릉점,냉면
kakao,나무,스시정식
kakao,나무,모둠사시미 (중)
kakao,나무,참치사시미 (18pcs)
kakao,나무,계란초밥 (2pcs)
kakao,나무,광어초밥 (2pcs)
kakao,스타벅스 선릉동신빌딩R점,블랙 글레이즈드 라떼
kakao,스타벅스 선릉동신빌딩R점,아이스 블랙 글레이즈드 라떼
kakao,스타벅스 선릉동신빌딩R점,시그니처 더 블랙 콜드 브루
kakao,스타벅스 선릉동신빌딩R점,그린 글레이즈드 크림 프라푸치노
kakao,스타벅스 선릉동신빌딩R점,제주 스노잉 백록담
kakao,스타벅스 선릉동신빌딩R점,제주 카멜리아 티
kakao,스타벅스 선릉동신빌딩R점,아이스 제주 카멜리아 티
kakao,스타벅스 선릉동신빌딩R점,오늘의 커피
kakao,스타벅스 선릉동신빌딩R점,카푸치노
kakao,스타벅스 선릉동신빌딩R점,카페 라떼
kakao,스타벅스 선릉동신빌딩R점,카페 모카
kakao,스타벅스 선릉동신빌딩R점,카페 아메리카노
kakao,스타벅스 선릉동신빌딩R점,카라멜 마키아또
kakao,스타벅스 선릉동신빌딩R점,화이트 초콜릿 모카
kakao,스타벅스 선릉동신빌딩R점,스타벅스 돌체 라떼
kakao,스타벅스 선릉동신빌딩R점,자바 칩 프라푸치노
kakao,스타벅스 선릉동신빌딩R점,망고 바나나 블렌디드
kakao,스타벅스 선릉동신빌딩R점,아이스 자몽 허니 블랙 티
kakao,스타벅스 선릉동신빌딩R점,자몽 허니 블랙 티
kakao,스타벅스 선릉동신빌딩R점,콜드 브루
kakao,스타벅스 선릉동신빌딩R점,디카페인 카페 아메리카노
kakao,스타벅스 선릉동신빌딩R점,디카페인 카페 라떼
kakao,스타벅스 선릉동신빌딩R점,제주 유기농 말차로 만든 라떼
kakao,스타벅스 선릉동신빌딩R점,돌체 콜드 브루
kakao,도원,짜장면
kakao,도원,짬뽕
kakao,도원,삼선간짜장
kakao,도원,볶음밥
kakao,도원,삼선볶음밥
kakao,도원,탕수육 (소)
kakao,도원,양장피 (소)
kakao,우밀가 대치본점,국시
kakao,우밀가 대치본점,국밥
kakao,우밀가 대치본점,수육 (대)
kakao,우밀가 대치본점,전 (대)
kakao,우밀가 대치본점,문어 (대)
kakao,우밀가 대치본점,메밀묵밥
kakao,우밀가 대치본점,떡국
kakao,우밀가 대치본점,갈비탕
kakao,우밀가 대치본점,전복갈비탕
kakao,우밀가 대치본점,소고기미역국
kakao,우밀가 대치본점,전복미역국
kakao,우밀가 대치본점,우밀정식
kakao,우밀가 대치본점,하회정식
kakao,우밀가 대치본점,안동정식
kakao,우밀가 대치본점,수육 (소)
kakao,우밀가 대치본점,전 (소)
kakao,우밀가 대치본점,문어 (소)
kakao,우밀가 대치본점,메밀묵 (대)
kakao,우밀가 대치본점,메밀묵 (소)
kakao,조개천국,대인
kakao,조개천국,초등학생
kakao,조개천국,미취학아동
kakao,한가네숯불닭갈비 역삼점,소금구이 (330g)
kakao,한가네숯불닭갈비 역삼점,양념닭갈비 (330g)
kakao,한가네숯불닭갈비 역삼점,마늘닭갈비 (330g)
kakao,한가네숯불닭갈비 역삼점,철판닭갈비 (200g)
kakao,한가네숯불닭갈비 역삼점,무뼈닭발 (280g)
kakao,장진참치,V.I.P (1인)
kakao,장진참치,장진 스페셜 (1인)
kakao,장진참치,장진 특선 (1인)
kakao,장진참치,장진 참치 (1인)
kakao,장진참치,참치초밥
kakao,항아리보쌈 선릉점,보쌈 (소)
kakao,항아리보쌈 선릉점,족살 (소)
kakao,항아리보쌈 선릉점,회보쌈 (소)
kakao,항아리보쌈 선릉점,족보쌈 (소)
kakao,항아리보쌈 선릉점,막국수
kakao,미트앤번버거샵 강남점,베이컨치즈 버거 (140g)
kakao,미트앤번버거샵 강남점,미트 앤번 수프림 (140g)
kakao,미트앤번버거샵 강남점,미트 앤 번 클래식 (140g)
kakao,미트앤번버거샵 강남점,트럼프 (140g)
kakao,미트앤번버거샵 강남점,데라 소울 (140g)
kakao,돈그리아,와규 갈비살 소고기 (150g)
kakao,돈그리아,스테이크 목살 (150g)
kakao,돈그리아,두껍이 (150g)
kakao,돈그리아,존슨 갈매기살 (150g)
kakao,돈그리아,오겹살 (150g)
kakao,돈그리아,사십 그램 (150g)
kakao,부타이,마제소바
kakao,부타이,에비코코
kakao,부타이,돈카츠정식
kakao,부타이,가츠산도
kakao,칠랑고,타코플레이트(2인)
kakao,칠랑고,타코플레이트(3인)
kakao,칠랑고,타코플레이트(4인)
kakao,칠랑고,타코스
kakao,칠랑고,퀘사딜라
kakao,칠랑고,콰카몰레 & 나쵸
kakao,칠랑고,감자튀김
kakao,칠랑고,멕시칸 핫윙
kakao,칠랑고,치포틀레크림새우 & 아보카도
kakao,칠랑고,감바스
kakao,라피자노스트라,블루베리치킨피자
kakao,라피자노스트라,루꼴라피자
kakao,라피자노스트라,포르마지피자
kakao,라피자노스트라,나탈레피자
kakao,라피자노스트라,풍기피자
kakao,라피자노스트라,디아볼라피자
kakao,라피자노스트라,알리오올리오
kakao,라피자노스트라,봉골레파스타
kakao,라피자노스트라,페스토 마리게리타
kakao,라피자노스트라,머쉬룸올리브
kakao,라피자노스트라,페페로니
kakao,라피자노스트라,스윙포테이토
kakao,라피자노스트라,콤비네이션
kakao,라피자노스트라,고르곤졸라
kakao,라피자노스트라,파미지아나
kakao,라피자노스트라,까망베르
kakao,라피자노스트라,아라비아타
kakao,라피자노스트라,뿌티네스카
kakao,라피자노스트라,씨푸드토마토
kakao,라피자노스트라,바질페스토
kakao,교대이층집 선릉점,채끝등심 (150g)
kakao,교대이층집 선릉점,차돌박이 (150g)
kakao,교대이층집 선릉점,가브리살 (150g)
kakao,교대이층집 선릉점,통목살 (160g)
kakao,교대이층집 선릉점,통삼겹 (160g)
kakao,카발,나폴리식 크림소스 해물찜 + 화덕구이 깔조네
kakao,카발,토마토소스 곱창스튜+화덕구이 포카치아
kakao,카발,갈릭 후라이드 치킨+후렌치 후라이
kakao,카발,나폴리 마르게리타 피자
kakao,카발,성게알 로제크림 파스타
kakao,하오,짜장면
kakao,하오,해물짬뽕
kakao,하오,새우볶음밥
kakao,하오,마파두부
kakao,하오,탕수육
kakao,이가네양꼬치 선릉점,훈둔
kakao,이가네양꼬치 선릉점,온면
kakao,이가네양꼬치 선릉점,볶음밥
kakao,이가네양꼬치 선릉점,탕수육
kakao,이가네양꼬치 선릉점,양왕갈비(250g)
kakao,김태주선산곱창 강남점,곱창전골 (1인분)
kakao,투썸플레이스 테헤란선릉역점,아메리카노
kakao,후웨이즈텐카민,아메리카노
kakao,후웨이즈텐카민,카페라떼
kakao,후웨이즈텐카민,코코넛 커피
kakao,후웨이즈텐카민,핫초코
kakao,후웨이즈텐카민,자몽티
kakao,후웨이즈텐카민,레몬에이드
kakao,강정희간장새우,간장새우
kakao,강정희간장새우,양념새우
kakao,강정희간장새우,간장새우+백고동
kakao,강정희간장새우,해물라면
kakao,강정희간장새우,꽃새우튀김
kakao,우리집만두 선릉점,김치만두
kakao,우리집만두 선릉점,만두국
kakao,우리집만두 선릉점,떡만두국
kakao,우리집만두 선릉점,떡국
kakao,우리집만두 선릉점,냉만두국
kakao,남원추어탕,추어정식
kakao,남원추어탕,추어탕
kakao,남원추어탕,추어명품군만두
kakao,남원추어탕,추어튀김 (소)
kakao,남원추어탕,추어명품만두
kakao,남원추어탕,손두부부침
kakao,뚝심한우 선릉역점,한우국수전골
kakao,뚝심한우 선릉역점,한우국밥
kakao,뚝심한우 선릉역점,육회비빔밥
kakao,뚝심한우 선릉역점,냉면
kakao,뚝심한우 선릉역점,프리미엄모듬(150g)
kakao,뚝심한우 선릉역점,시그니처 눈꽃모듬(150g)
kakao,뚝심한우 선릉역점,프리미엄 투플등심(150g)
kakao,뚝심한우 선릉역점,등심/등심양념구이(150g)
kakao,뚝심한우 선릉역점,눈꽃안심(150g)
kakao,뚝심한우 선릉역점,살치살/새우살(150g)
kakao,뚝심한우 선릉역점,차돌된장찌개
kakao,뚝심한우 선릉역점,안창살(150g)
kakao,뚝심한우 선릉역점,만두냉면
kakao,뚝심한우 선릉역점,생갈비/양념갈비(150g)
kakao,뚝심한우 선릉역점,드라이에이징(150g)
kakao,뚝심한우 선릉역점,왕만두
kakao,뚝심한우 선릉역점,한우불고기전골
kakao,뚝심한우 선릉역점,왕갈비탕
kakao,청자골,한우모둠구이
kakao,청자골,쭈꾸미곱창전골
kakao,육시리 선릉점,초밀도통삼겹 (180g)
kakao,육시리 선릉점,백제주오겹 (180g)
kakao,육시리 선릉점,친환경통목살 (180g)
kakao,육시리 선릉점,소고기청국장전골
kakao,육시리 선릉점,참치듬뿍김치전골
kakao,육시리 선릉점,통가브리살 (180g)
kakao,육시리 선릉점,껍데기항정살 (180g)
kakao,육시리 선릉점,흑돼지오겹살 (180g)
kakao,그릴1492 삼성1호점,1492 1인 Set (2인)
kakao,그릴1492 삼성1호점,눈꽃 삼겹살 (180g)
kakao,그릴1492 삼성1호점,양갈비 (200g)
kakao,그릴1492 삼성1호점,1492부대전골
kakao,그릴1492 삼성1호점,치즈계란찜
kakao,고메고매 선릉직영점,투뿔 살치살 (150g)
kakao,고메고매 선릉직영점,투뿔 특수부위 (150g)
kakao,고메고매 선릉직영점,투뿔 꽃등심 (150g)
kakao,고메고매 선릉직영점,투뿔등심 (150g)
kakao,고메고매 선릉직영점,투뿔 차돌박이 (150g)
kakao,고메고매 선릉직영점,투뿔 육회 (200g)
kakao,고메고매 선릉직영점,투뿔 한우모둠 (450g)
kakao,고메고매 선릉직영점,항아리 삼겹살 (170g)
kakao,고메고매 선릉직영점,한항아리 (3~4인분)
kakao,고메고매 선릉직영점,항아리 항정살 (170g)
kakao,고메고매 선릉직영점,돼지양념갈비 (200g)
kakao,고메고매 선릉직영점,소양념갈비 (200g)
kakao,고메고매 선릉직영점,소생갈비 (250g)
kakao,고메고매 선릉직영점,양념갈비 모둠 (4인분)
kakao,고메고매 선릉직영점,소갈비 모둠 (4인분)
kakao,고메고매 선릉직영점,이천쌀밥 정식
kakao,고메고매 선릉직영점,두루치기 정식
kakao,고메고매 선릉직영점,한우 불고기 정식
kakao,고메고매 선릉직영점,곱창전골 (1인분)
kakao,고메고매 선릉직영점,한우 불고기 (1인분)
kakao,오레노 선릉점,굴 초회
kakao,오레노 선릉점,매콤 바삭 칠리새우
kakao,오레노 선릉점,바지락 술찜
kakao,오레노 선릉점,명란 계란말이
kakao,오레노 선릉점,타코와사비
kakao,이백 역삼점,문어라면
kakao,이백 역삼점,한우육회김밥
kakao,이백 역삼점,뚝배기불고기
kakao,이백 역삼점,통영명게비빔밥
kakao,이백 역삼점,바지락미역국
kakao,순남시래기 서울선릉점,시래기꼬막정식
kakao,순남시래기 서울선릉점,3대시래기국
kakao,순남시래기 서울선릉점,도마수육 (소)
kakao,순남시래기 서울선릉점,도토리해물파전
kakao,순남시래기 서울선릉점,시래기불고기전골 (1인)
kakao,라무진 선릉역점,징기스칸 프렌치렉(180~200g)
kakao,라무진 선릉역점,징기스칸 양갈비(250g)
kakao,라무진 선릉역점,징기스칸 양고기(200g)
kakao,라무진 선릉역점,오뎅탕
kakao,라무진 선릉역점,짬뽕라면
kakao,설빙 선릉점,인절미설빙
kakao,설빙 선릉점,인절미토스트
kakao,설빙 선릉점,블루베리치즈설빙
kakao,설빙 선릉점,치즈설빙
kakao,설빙 선릉점,블루베리요거트스무디
kakao,설빙 선릉점,티라미수 설빙
kakao,설빙 선릉점,딸기치즈메론설빙
kakao,설빙 선릉점,리얼통통메론설빙
kakao,설빙 선릉점,요거통통메론설빙
kakao,설빙 선릉점,팥인절미설빙
kakao,설빙 선릉점,애플망고치즈설빙
kakao,선릉설렁탕,설렁탕
kakao,선릉설렁탕,특설렁탕
kakao,선릉설렁탕,선지해장국
kakao,선릉설렁탕,꼬리곰탕
kakao,선릉설렁탕,도가니탕
kakao,선릉설렁탕,장칼국수
kakao,선릉설렁탕,순칼국수
kakao,무한장어 역삼점,자연산 바다장어 정식 (1인기분/2인이상)
kakao,무한장어 역삼점,바다장어 (1마리)
kakao,무한장어 역삼점,아나고회 (한근)
kakao,무한장어 역삼점,민물장어 (1마리)
kakao,무한장어 역삼점,우거지장어탕
kakao,무한장어 역삼점,장어덮밥
kakao,대치동집,냉동삼겹살 (150g)
kakao,대치동집,청국장찌개
kakao,대치동집,김치찌개
kakao,대치동집,짜파게티
kakao,대치동집,비빔면
kakao,우밀면옥 상록점,평양냉면
kakao,우밀면옥 상록점,비빔냉면
kakao,우밀면옥 상록점,만두
kakao,우밀면옥 상록점,녹두전
kakao,우밀면옥 상록점,안동국시
kakao,우밀면옥 상록점,국밥
kakao,예천 유산균한우정육타운,한우스페샬 (160g)
kakao,예천 유산균한우정육타운,한우특수부위 (160g)
kakao,예천 유산균한우정육타운,한우생고기
kakao,예천 유산균한우정육타운,한우꽃등심 (160g)
kakao,예천 유산균한우정육타운,한우숙성안심 (160g)
kakao,예천 유산균한우정육타운,한우갈비살 (160g)
kakao,예천 유산균한우정육타운,한우명품차돌 (160g)
kakao,스노우폭스 선릉역점,아메리카노(HOT)
kakao,스노우폭스 선릉역점,카페라떼(HOT)
kakao,스노우폭스 선릉역점,목련꽃차(ICE)
kakao,스노우폭스 선릉역점,스트로베리로즈에이드
kakao,스노우폭스 선릉역점,레몬에이드
kakao,일미리금계찜닭 선릉점,치즈피자
kakao,기세끼 선릉점,소고기타다끼
kakao,기세끼 선릉점,나가사끼짬뽕탕
kakao,기세끼 선릉점,모찌리도후
kakao,기세끼 선릉점,블랙규카츠
kakao,기세끼 선릉점,조개술찜
kakao,레이어프로젝트,레몬에이드
kakao,레이어프로젝트,백향과에이드
kakao,레이어프로젝트,자몽차
kakao,레이어프로젝트,그린티프라페
kakao,레이어프로젝트,플레인요거트스무디
kakao,수림복국 본관,까치복지리
kakao,수림복국 본관,복불고기정식A
kakao,수림복국 본관,복불고기정식B
kakao,수림복국 본관,까치복생지리
kakao,수림복국 본관,참복생지리
kakao,수림복국 본관,활참복지리
kakao,포하임 선릉점,양지쌀국수
kakao,포하임 선릉점,양지차돌쌀국수
kakao,포하임 선릉점,양지차돌힘줄쌀국수
kakao,포하임 선릉점,스프링롤 (4pcs)
kakao,포하임 선릉점,칠리윙 (4pcs)
kakao,클럽케이서울,칼국수
kakao,클럽케이서울,북어미역국
kakao,클럽케이서울,김치찌개
kakao,클럽케이서울,된장찌개
kakao,클럽케이서울,순두부찌개
kakao,브라운돈까스 선릉점,등심돈까스
kakao,브라운돈까스 선릉점,안심돈까스
kakao,브라운돈까스 선릉점,정식돈까스
kakao,브라운돈까스 선릉점,매운돈까스
kakao,브라운돈까스 선릉점,까르보나라돈까스
kakao,브라운돈까스 선릉점,콤보돈까스
kakao,브라운돈까스 선릉점,데리돈까스
kakao,르브런쉭 대치점,아메리카노(HOT)
kakao,르브런쉭 대치점,카페라떼(HOT)
kakao,르브런쉭 대치점,카푸치노
kakao,르브런쉭 대치점,루이보스(HOT)
kakao,르브런쉭 대치점,레몬에이드
kakao,한성양갈비구이,고급갈비 (300g)
kakao,한성양갈비구이,양갈비살꼬치 (10꼬치)
kakao,한성양갈비구이,경장육슬
kakao,한성양갈비구이,삼선술국
kakao,한성양갈비구이,양탕
kakao,큰입아구찜,아구찜 (S)
kakao,큰입아구찜,해물탕 (S)
kakao,큰입아구찜,알탕 (M)
kakao,큰입아구찜,해물 모듬찜 (S)
kakao,큰입아구찜,해물 왕 갈비찜 (M)
kakao,개그맨정용국의용곱창,곱창모듬 (250g)
kakao,개그맨정용국의용곱창,소곱창 (200g)
kakao,개그맨정용국의용곱창,소대창 (200g)
kakao,개그맨정용국의용곱창,소막창 (200g)
kakao,개그맨정용국의용곱창,곱창전골
kakao,던킨도너츠 선릉역점,올스타 도넛세트
kakao,던킨도너츠 선릉역점,버라이어티 10팩
kakao,던킨도너츠 선릉역점,내쉬빌핫치킨버거
kakao,던킨도너츠 선릉역점,해피 먼치킨컵 10EA
kakao,던킨도너츠 선릉역점,커피&도넛 트윈세트
kakao,던킨도너츠 선릉역점,페이머스 글레이즈드 기프트팩(6개입)
kakao,마노디셰프 삼성점,그릴드 치킨 & 시저 샐러드
kakao,마노디셰프 삼성점,머쉬룸 샐러드
kakao,마노디셰프 삼성점,할라피뇨 알리올리오 파스타
kakao,마노디셰프 삼성점,그릴드 쉬림프&알리올리오 파스타
kakao,마노디셰프 삼성점,스파이시 미트 피자
kakao,놀란치킨 선릉점,시져샐러드
kakao,놀란치킨 선릉점,카프레제샐러드
kakao,놀란치킨 선릉점,케이준치킨샐러드
kakao,놀란치킨 선릉점,(순살) 놀란파닭
kakao,놀란치킨 선릉점,(순살) 어니언치킨
kakao,문어랑 상록점,문어삼합
kakao,문어랑 상록점,문어 숙회 (소)
kakao,문어랑 상록점,문어 초회
kakao,문어랑 상록점,홍어 사시미
kakao,문어랑 상록점,해물탕12
kakao,샐러디 선릉점,칠리베이컨 웜볼
kakao,샐러디 선릉점,시저치킨 샐러디
kakao,샐러디 선릉점,콥 샐러디
kakao,샐러디 선릉점,치킨토마토 샌드
kakao,샐러디 선릉점,시저치킨 랩
kakao,샐러디 선릉점,칠리베이컨 웜랩
kakao,샐러디 선릉점,우삼겹 웜볼
kakao,배스킨라빈스 선릉점,나눠먹는 와츄원
kakao,배스킨라빈스 선릉점,바로먹는 와츄원
kakao,배스킨라빈스 선릉점,버라이어티팩
kakao,배스킨라빈스 선릉점,핸드팩세트
kakao,배스킨라빈스 선릉점,파인트
kakao,배스킨라빈스 선릉점,쿼터
kakao,배스킨라빈스 선릉점,패밀리
kakao,배스킨라빈스 선릉점,핑크 구름 솜사탕
kakao,배스킨라빈스 선릉점,시크릿 라이언
kakao,배스킨라빈스 선릉점,달콤한 선물상자
kakao,배스킨라빈스 선릉점,27 큐브 케이크
kakao,배스킨라빈스 선릉점,시크릿 어피치
kakao,배스킨라빈스 선릉점,스마일 스노우 블러섬
kakao,배스킨라빈스 선릉점,하프갤론
kakao,배스킨라빈스 선릉점,나눠먹는 큐브 와츄원
kakao,배스킨라빈스 선릉점,듀얼와츄원NO.9
kakao,배스킨라빈스 선릉점,골라먹는 와츄원
kakao,배스킨라빈스 선릉점,해피 버스데이 케이크
kakao,배스킨라빈스 선릉점,빙그르르 마카롱
kakao,배스킨라빈스 선릉점,찰떡콩떡 케이크
kakao,마녀김밥 대치점,마녀김밥
kakao,마녀김밥 대치점,계란마니김밥
kakao,마녀김밥 대치점,참치김밥
kakao,마녀김밥 대치점,고추김밥
kakao,마녀김밥 대치점,멸치김밥
kakao,마녀김밥 대치점,묵은지김밥
kakao,마녀김밥 대치점,핫도그김밥
kakao,미랑,프리미엄 양갈비(1인)
kakao,미랑,최상급 양갈비(1인)
kakao,미랑,양등심(1인)
kakao,미랑,양갈비살(1인)
kakao,미랑,돼지목살(1인)
kakao,살루쪼,토마토 카프레제
kakao,살루쪼,판자렐라
kakao,살루쪼,풍기 크래마
kakao,살루쪼,스위드 잉크
kakao,살루쪼,알리오 올리오
kakao,살루쪼,봉골레
kakao,살루쪼,제노베제
kakao,우마쿠라,장어 벤또
kakao,우마쿠라,사케벤또
kakao,우마쿠라,매운삼겹 전복찜
kakao,우마쿠라,아나고 방풍나물 유비끼
kakao,우마쿠라,양갈비 그릴
kakao,스시노스시,연어뱃살초밥 (12p)
kakao,스시노스시,광어초밥 (12p)
kakao,스시노스시,간장새우초밥 (10p)
kakao,스시노스시,모듬회 (대)
kakao,스시노스시,연어회 (A)
kakao,롯데리아 선릉점,사각새우더블버거
kakao,롯데리아 선릉점,치즈No.5버거
kakao,롯데리아 선릉점,NEW 한우불고기버거
kakao,롯데리아 선릉점,1인혼닭세트
kakao,롯데리아 선릉점,NEW홈투게더팩-사이다
kakao,롯데리아 선릉점,폴더버거비프
kakao,롯데리아 선릉점,NEW홈더블팩-사이다
kakao,롯데리아 선릉점,폴더버거핫치킨
kakao,롯데리아 선릉점,NEW홈패밀리팩-사이다
kakao,롯데리아 선릉점,리아미라클버거
kakao,롯데리아 선릉점,와규에디션Ⅱ
kakao,롯데리아 선릉점,NEW홈투게더팩
kakao,롯데리아 선릉점,DoubleX2버거
kakao,롯데리아 선릉점,NEW홈더블팩
kakao,롯데리아 선릉점,NEW홈패밀리팩
kakao,롯데리아 선릉점,새우버거
kakao,롯데리아 선릉점,치킨버거
kakao,롯데리아 선릉점,모짜렐라 인더 버거-베이컨
kakao,롯데리아 선릉점,데리버거
kakao,롯데리아 선릉점,불고기버거
kakao,피쉬스타 역삼점,스페셜 A (4인)
kakao,피쉬스타 역삼점,스페셜 B (3~4인)
kakao,피쉬스타 역삼점,추천세트 A (2~3인)
kakao,피쉬스타 역삼점,추천세트 B (2~3인)
kakao,피쉬스타 역삼점,피쉬세트 大
kakao,피쉬스타 역삼점,피쉬세트 中
kakao,피쉬스타 역삼점,피쉬세트 小
kakao,피쉬스타 역삼점,킹크랩세트
kakao,피쉬스타 역삼점,대게세트
kakao,맥주를듣는사람들 아크 선릉점,맥들사 감바스 (with 호밀빵)
kakao,맥주를듣는사람들 아크 선릉점,맥들사 피자
kakao,맥주를듣는사람들 아크 선릉점,맥들사 토마토 홍합찜
kakao,맥주를듣는사람들 아크 선릉점,맥들사 웨스턴 플레이트
kakao,맥주를듣는사람들 아크 선릉점,맥들사 나초킹
kakao,쫀득이족발,족발(뒷족)
kakao,쫀득이족발,족발(앞족)
kakao,쫀득이족발,직화불족(소)
kakao,쫀득이족발,보쌈(중)
kakao,쫀득이족발,직화불보쌈(소)
kakao,일일향 삼성점,오이 땅콩냉채
kakao,일일향 삼성점,가지튀김
kakao,일일향 삼성점,오향족발
kakao,일일향 삼성점,짜장면
kakao,일일향 삼성점,옛날짬뽕
kakao,일일향 삼성점,옛날볶음밥+후라이
kakao,일일향 삼성점,잡채볶음밥+후라이
kakao,부산양곱창,양구이
kakao,부산양곱창,대창
kakao,부산양곱창,곱창
kakao,부산양곱창,전골 (대)
kakao,부산양곱창,전골 (중)
kakao,부산양곱창,양김치볶음밥
kakao,부산양곱창,김치우동
kakao,부산양곱창,야콘냉면
kakao,부산양곱창,된장찌개
kakao,판동면옥,한우사골칼국수
kakao,판동면옥,평양냉면
kakao,판동면옥,비빔면
kakao,판동면옥,갈비탕
kakao,판동면옥,육개장
kakao,알로이타이,쏨땀타이
kakao,알로이타이,얌운센
kakao,알로이타이,뿌 팟 봉커리
kakao,알로이타이,느어 팟 남만호이
kakao,알로이타이,카오팟 카파오 무쌉
kakao,오징어청춘 대치본점,오징어포사시미
kakao,오징어청춘 대치본점,새우고로케
kakao,오징어청춘 대치본점,오징어깔보나
kakao,오징어청춘 대치본점,말랑까진 쉬림프
kakao,오징어청춘 대치본점,오징어 빙수회
kakao,세광양대창 선릉점,대창구이 (200g)
kakao,세광양대창 선릉점,막창구이 (180g)
kakao,세광양대창 선릉점,특양구이 (130g)
kakao,세광양대창 선릉점,소갈비(220g)
kakao,세광양대창 선릉점,김치우동
kakao,세광양대창 선릉점,냉면(물/비빔)
kakao,세광양대창 선릉점,계란찜
kakao,세광양대창 선릉점,곱창전골(2인 이상)
kakao,세광양대창 선릉점,모듬구이(꽃대창+대창+막창+특양)
kakao,세광양대창 선릉점,양볶음밥(2인 분량)
kakao,세광양대창 선릉점,꽃대창 (150g)
kakao,세광양대창 선릉점,한우채끝등심(150g)
kakao,해담일식,해담사시미
kakao,해담일식,대게S코스
kakao,해담일식,사시미
kakao,해담일식,특 사시미
kakao,해담일식,혼마구로 사시미
kakao,해담일식,대게 A코스(500g)
kakao,해담일식,킹크랩 S코스(1kg)
kakao,더피자스탠드,감자튀김
kakao,더피자스탠드,치즈나초
kakao,더피자스탠드,TPS 케사디아
kakao,더피자스탠드,수퍼나초
kakao,더피자스탠드,칼조네(소고기/치킨)
kakao,더피자스탠드,콜드파스타샐러드
kakao,더피자스탠드,칠리 감자튀김
kakao,더피자스탠드,버팔로 윙 6pcs
kakao,더피자스탠드,버팔로 윙 12pcs
kakao,더피자스탠드,버팔로 윙 18pcs
kakao,더피자스탠드,간장 치킨 윙 6pcs
kakao,더피자스탠드,간장 치킨 윙 12pcs
kakao,더피자스탠드,간장 치킨 윙 18pcs
kakao,더피자스탠드,시금치 미니 양배추샐러드
kakao,시골빈대떡파전 선릉본점,녹두고기빈대떡
kakao,시골빈대떡파전 선릉본점,녹두굴빈대떡
kakao,시골빈대떡파전 선릉본점,녹두해물빈대떡
kakao,시골빈대떡파전 선릉본점,김치찜
kakao,시골빈대떡파전 선릉본점,두부김치
kakao,아우어베이커리 싸이더스점,Americano
kakao,아우어베이커리 싸이더스점,Green Tea Double (ICED)
kakao,아우어베이커리 싸이더스점,OUR Air (ICED)
kakao,아우어베이커리 싸이더스점,CANNELE
kakao,아우어베이커리 싸이더스점,KAYA CROISSANT
kakao,황금어장,날치알밥
kakao,황금어장,대구탕
kakao,황금어장,동태탕
kakao,황금어장,생대구탕
kakao,황금어장,알탕(명란)
kakao,붓처스컷 삼성점,안심 (200g)
kakao,붓처스컷 삼성점,CRF 프라임 립아이 (200g)
kakao,붓처스컷 삼성점,티본 (750g)
kakao,붓처스컷 삼성점,붓처스컷 샘플러 (450g)
kakao,붓처스컷 삼성점,어린 양갈비 (200g)
kakao,멜로워 역삼더퍼스트,아메리카노
kakao,멜로워 역삼더퍼스트,카페라떼
kakao,멜로워 역삼더퍼스트,블랙 티 (얼그레이)
kakao,멜로워 역삼더퍼스트,초콜릿 라떼
kakao,멜로워 역삼더퍼스트,그린마일에이드
kakao,멍텅구리꼼장어막창 삼성동본점,쭈삼 (1인분)
kakao,멍텅구리꼼장어막창 삼성동본점,꼼삼 (1인분)
kakao,멍텅구리꼼장어막창 삼성동본점,양념꼼장어
kakao,멍텅구리꼼장어막창 삼성동본점,갈비살
kakao,멍텅구리꼼장어막창 삼성동본점,초벌삼겹살
kakao,시추안하우스 삼성점,마라 소고기 전골
kakao,시추안하우스 삼성점,해산물 마라샹궈
kakao,시추안하우스 삼성점,라즈지(순살)
kakao,시추안하우스 삼성점,꿔바로우
kakao,시추안하우스 삼성점,마라 홍소족
kakao,바우한우,한우꽃등심
kakao,바우한우,소왕갈비
kakao,바우한우,등심
kakao,바우한우,돼지왕갈비
kakao,바우한우,삼겹살
kakao,바우한우,바우한우스페셜
kakao,바우한우,바우한우모듬
kakao,바우한우,한우차돌박이
kakao,바우한우,한우담백육회
kakao,바우한우,살치살
kakao,바우한우,안창살
kakao,바우한우,항정살
kakao,바우한우,계란찜
kakao,바우한우,특갈비탕
kakao,바우한우,숙주갈비탕
kakao,바우한우,뚝불고기
kakao,바우한우,우거지한우국밥
kakao,바우한우,차돌된장찌개
kakao,바우한우,김치찌개
kakao,바우한우,불고기새싹비빔밥
kakao,바우한우,한우육회비빔밥
kakao,바우한우,자연산 멍게새싹비빔밥
kakao,바우한우,물냉면
kakao,바우한우,비빔냉면
kakao,바우한우,회냉면
kakao,바우한우,한우육회냉면
kakao,바우한우,왕만두
kakao,바우한우,능이버섯불고기전골
kakao,바우한우,매운소갈비찜
kakao,더차이나,짜장면
kakao,더차이나,잡탕밥
kakao,더차이나,라조기 (소)
kakao,더차이나,탕수육 (소)
kakao,더차이나,전가복 (소)
kakao,싸리골,고기+해물 (2장)
kakao,싸리골,해물+굴 (2장)
kakao,싸리골,해물파전
kakao,싸리골,굴파전
kakao,싸리골,생굴
kakao,싸리골,도토리묵
kakao,동해수산,광어 (소)
kakao,동해수산,연어 (소)
kakao,동해수산,우럭 (소)
kakao,동해수산,모듬회 (소)
kakao,동해수산,오징어
kakao,무리무리,소고기 무한리필(밤)
kakao,무리무리,점심뷔페(낮)
kakao,무리무리,모밀소바(대)
kakao,도쿄술집 선릉역점,오마카세코스요리1인
kakao,도쿄술집 선릉역점,모리아와세
kakao,도쿄술집 선릉역점,김치돈까스나베
kakao,도쿄술집 선릉역점,도쿄물회
kakao,도쿄술집 선릉역점,모둠야끼도리
kakao,도쿄술집 선릉역점,주꾸미야끼우동
kakao,도쿄술집 선릉역점,광어고노와다
kakao,도쿄술집 선릉역점,치킨가라아게
kakao,고메램 삼성점,모둠 양갈비(450g)
kakao,고메램 삼성점,생 양고기 살치살(150g)
kakao,고메램 삼성점,생 양고기 등심(150g)
kakao,고메램 삼성점,생 양갈비(220g)
kakao,고메램 삼성점,고급 양갈비(220g)
kakao,정통원조한방삼계탕,한방반계탕
kakao,정통원조한방삼계탕,한방삼계탕
kakao,정통원조한방삼계탕,한방삼계탕(특)
kakao,정통원조한방삼계탕,반계탕
kakao,정통원조한방삼계탕,삼계탕
kakao,강남묵호등대,스페셜회A
kakao,강남묵호등대,자연산모듬회 (대)
kakao,강남묵호등대,자연산모듬회 (중)
kakao,강남묵호등대,자연산모듬회 (소)
kakao,강남묵호등대,모듬해물
kakao,강남묵호등대,소라골뱅이 (대)
kakao,강남묵호등대,전복회 (대)
kakao,강남묵호등대,자연산해삼
kakao,강남묵호등대,"해삼,멍게"
kakao,강남묵호등대,회무침
kakao,강남묵호등대,문어무침
kakao,강남묵호등대,간장새우
kakao,강남묵호등대,새우튀김
kakao,강남묵호등대,생대구탕
kakao,강남묵호등대,물회
kakao,강남묵호등대,가리비회
kakao,강남묵호등대,간장새우정식
kakao,강남묵호등대,갈치조림
kakao,강남묵호등대,고등어구이
kakao,강남묵호등대,초밥
kakao,진가와 한국본점,진가와 가이세키 (1인)
kakao,진가와 한국본점,스키야끼동 정식
kakao,진가와 한국본점,셰프 스페셜 코스
kakao,맥도날드 강남삼성DT점,빅맥
kakao,맥도날드 강남삼성DT점,더블 불고기 버거
kakao,맥도날드 강남삼성DT점,슈비버거
kakao,맥도날드 강남삼성DT점,슈슈버거
kakao,맥도날드 강남삼성DT점,맥스파이시 상하이 버거
kakao,맥도날드 강남삼성DT점,아메리카노
kakao,맥도날드 강남삼성DT점,1955버거
kakao,맥도날드 강남삼성DT점,오레오 맥플러리
kakao,맥도날드 강남삼성DT점,딸기 오레오 맥플러리
kakao,맥도날드 강남삼성DT점,초코 오레오 맥플러리
kakao,맥도날드 강남삼성DT점,배칠러
kakao,맥도날드 강남삼성DT점,에그 불고기버거
kakao,맥도날드 강남삼성DT점,타로파이
kakao,맥도날드 강남삼성DT점,필레오피쉬
kakao,해담채 삼성점,해담채 정식 (점심)
kakao,해담채 삼성점,해초고등어한상 (점심)
kakao,해담채 삼성점,전복뚝배기 (점심)
kakao,해담채 삼성점,보리굴비반상 (점심)
kakao,해담채 삼성점,주방장 특선 (저녁)
kakao,싸프란겔,아메리카노 (Tall)
kakao,싸프란겔,카페라떼 (Tall)
kakao,싸프란겔,씨프란겔밀크커피 (Tall)
kakao,싸프란겔,씨프란겔티라미수라떼 (Tall)
kakao,싸프란겔,씨프란겔에너지에이드 (Grande)
kakao,남도구들한정식 본점,남도밥상
kakao,남도구들한정식 본점,보리굴비정식(2인)
kakao,남도구들한정식 본점,회덮밥
kakao,남도구들한정식 본점,차돌된장
kakao,남도구들한정식 본점,매생이낙지탕
kakao,행복김밥,냉모밀
kakao,행복김밥,갈비탕
kakao,행복김밥,계란말이김밥
kakao,행복김밥,고구마돈가스
kakao,행복김밥,고기만두
kakao,행복김밥,군만두
kakao,행복김밥,그냥라면
kakao,행복김밥,김치김밥
kakao,행복김밥,김치라면
kakao,행복김밥,김치만두
kakao,행복김밥,김치볶음밥
kakao,행복김밥,김치오므라이스
kakao,행복김밥,김치찌게
kakao,행복김밥,김치칼국수
kakao,행복김밥,돌솥비빔밥
kakao,행복김밥,된장찌게
kakao,행복김밥,들깨칼국수
kakao,행복김밥,떡국
kakao,행복김밥,떡라면
kakao,행복김밥,떡만두국
kakao,신흥정육식당,삼겹살(1인분)
kakao,신흥정육식당,등심(1인분)
kakao,신흥정육식당,차돌박이(1인분)
kakao,신흥정육식당,염통(1인분)
kakao,신흥정육식당,육회(1인분)
kakao,누구나홀딱반한닭 선릉점,후레쉬쌈닭
kakao,누구나홀딱반한닭 선릉점,바사칸치빵파티
kakao,누구나홀딱반한닭 선릉점,레드홀릭
kakao,누구나홀딱반한닭 선릉점,불고기그릴
kakao,쌍룡갈비,숯불 돼지갈비 (1인)
kakao,쌍룡갈비,쫄 돼지갈비 (1인)
kakao,쌍룡갈비,통통이 생삼겹살 (1인)
kakao,쌍룡갈비,목살 (1인)
kakao,쌍룡갈비,소갈비살 (1인)
kakao,로네펠트,아메리카노
kakao,로네펠트,카페라떼
kakao,로네펠트,바닐 밀크티
kakao,로네펠트,얼그레이
kakao,로네펠트,바닐라 루이보스
kakao,아오끼,아오끼정식
kakao,아오끼,주말과휴일정식
kakao,아오끼,(회) 정식
kakao,아오끼,홀 점심특선
kakao,아오끼,특사시미 (1인분)
kakao,아오끼,사시미 (1인분)
kakao,아오끼,저녁정식 (1인분)
kakao,아오끼,아오끼스페셜1 (3~4인)
kakao,아오끼,아오끼스페셜2 (3~4인)
kakao,아오끼,아오끼스페셜3 (2인)
kakao,아오끼,아오끼스페셜4 (2인)
kakao,아오끼,A코스
kakao,아오끼,B코스
kakao,아오끼,아오끼특정식
kakao,아오끼,홀 저녁생선회
kakao,리밍,자장
kakao,리밍,어향동고
kakao,리밍,매운닭고기볶음
kakao,리밍,게살볶음요리
kakao,리밍,매생이누룽지
kakao,브루클린더버거조인트 삼성점,더치즈버거 (140g)
kakao,브루클린더버거조인트 삼성점,브루클린웍스 (140g)
kakao,브루클린더버거조인트 삼성점,크.림. (140g)
kakao,브루클린더버거조인트 삼성점,죠지크럼 (140g)
kakao,브루클린더버거조인트 삼성점,치즈스커트 (140g)
kakao,홍대포,해천탕 (소)
kakao,홍대포,문어연포탕 (작은놈)
kakao,홍대포,생통문어숙회 (작은놈)
kakao,홍대포,모둠 조개 가리비찜
kakao,홍대포,문어 초무침
kakao,금복당,문어삼합
kakao,금복당,파문어통데침 (소)
kakao,금복당,참골뱅이
kakao,금복당,포항식물회
kakao,금복당,생감자전 (한장)
kakao,진대감 역삼점,한우차돌삼합
kakao,진대감 역삼점,한우차돌박이
kakao,진대감 역삼점,날치알볶음밥
kakao,진대감 역삼점,한우1++ 소복불고기
kakao,진대감 역삼점,시원한묵사발
kakao,진대감 역삼점,한우꽃게된장찌개
kakao,진대감 역삼점,진대감얼큰면
kakao,진대감 역삼점,구수한누룽지
kakao,칠백식당 삼성직영점,칠백 한우모듬 (150g)
kakao,칠백식당 삼성직영점,칠백 한우육사시미 (200g)
kakao,칠백식당 삼성직영점,칠백 된장찌개
kakao,칠백식당 삼성직영점,곤드레밥
kakao,칠백식당 삼성직영점,짱아찌국수
kakao,반포식스 선릉역점,연어샐러드
kakao,반포식스 선릉역점,타이식 새우 샐러드
kakao,반포식스 선릉역점,푸팟퐁커리
kakao,반포식스 선릉역점,크림새우
kakao,반포식스 선릉역점,베트남식 유린기
kakao,스타벅스 선릉로점,블랙 글레이즈드 라떼
kakao,스타벅스 선릉로점,아이스 블랙 글레이즈드 라떼
kakao,스타벅스 선릉로점,시그니처 더 블랙 콜드 브루
kakao,스타벅스 선릉로점,그린 글레이즈드 크림 프라푸치노
kakao,스타벅스 선릉로점,제주 스노잉 백록담
kakao,스타벅스 선릉로점,제주 카멜리아 티
kakao,스타벅스 선릉로점,아이스 제주 카멜리아 티
kakao,스타벅스 선릉로점,오늘의 커피
kakao,스타벅스 선릉로점,카푸치노
kakao,스타벅스 선릉로점,카페 라떼
kakao,스타벅스 선릉로점,카페 모카
kakao,스타벅스 선릉로점,카페 아메리카노
kakao,스타벅스 선릉로점,카라멜 마키아또
kakao,스타벅스 선릉로점,화이트 초콜릿 모카
kakao,스타벅스 선릉로점,스타벅스 돌체 라떼
kakao,스타벅스 선릉로점,자바 칩 프라푸치노
kakao,스타벅스 선릉로점,망고 바나나 블렌디드
kakao,스타벅스 선릉로점,아이스 자몽 허니 블랙 티
kakao,스타벅스 선릉로점,자몽 허니 블랙 티
kakao,스타벅스 선릉로점,콜드 브루
kakao,스타벅스 선릉로점,디카페인 카페 아메리카노
kakao,스타벅스 선릉로점,디카페인 카페 라떼
kakao,스타벅스 선릉로점,제주 유기농 말차로 만든 라떼
kakao,스타벅스 선릉로점,돌체 콜드 브루
kakao,희 카롱,아메리카노
kakao,희 카롱,카페라떼
kakao,희 카롱,카푸치노
kakao,희 카롱,레몬에이드
kakao,희 카롱,꿀자몽에이드
kakao,쏭타이 역삼점,쏨탐
kakao,쏭타이 역삼점,팍붕화이뎅
kakao,쏭타이 역삼점,텃만꿍 (4ea)
kakao,쏭타이 역삼점,팟타이
kakao,연타발 선릉점,특양구이
kakao,연타발 선릉점,한우대창구이
kakao,연타발 선릉점,한우살치살
kakao,우노,생차돌로스 (100g)
kakao,우노,한우모듬로스 (100g)
kakao,우노,우설
kakao,우노,특생갈비
kakao,우노,딥 드라이에이징 등심 (100g)
kakao,우노,티본 스테이크 (2인)
kakao,전주순대국,순대국
kakao,전주순대국,들깨 순두부
kakao,전주순대국,생삼겹살(150g)
kakao,전주순대국,순대곱창볶음(소)
kakao,전주순대국,술국
kakao,오목집 한티점,족발 (대)
kakao,오목집 한티점,족발 (중)
kakao,오목집 한티점,냉채족발
kakao,오목집 한티점,매운족발
kakao,오목집 한티점,"(계절한정)냉모밀, 비빔모밀"
kakao,오목집 한티점,부추전
kakao,오목집 한티점,오목집계란말이
kakao,오목집 한티점,[점심특선메뉴] 시골된장찌개
kakao,오목집 한티점,[점심특선메뉴] 김치부대전골
kakao,오목집 한티점,[점심특선메뉴] 한돈제육볶음(2인이상)
kakao,오목집 한티점,[점심특선메뉴] 냉모밀/비빔모밀
kakao,하얼빈가정식 본점,마라두부세트 (2인분)
kakao,하얼빈가정식 본점,어향가지세트 (2인분)
kakao,하얼빈가정식 본점,계란토마토볶음덮밥
kakao,하얼빈가정식 본점,새우볶음밥
kakao,하얼빈가정식 본점,꿔바로우
kakao,화포식당 선릉점,프리미엄 완자 부대찌개
kakao,화포식당 선릉점,숙성 통 오겹살(160g)
kakao,화포식당 선릉점,숙성 통 삼겹살
kakao,화포식당 선릉점,숙성 통 목살(160g)
kakao,화포식당 선릉점,우렁 된장찌개
kakao,불이아 역삼점,한우 정식 (1인분)
kakao,불이아 역삼점,해물정식 (1인분)
kakao,불이아 역삼점,불이아 정식 (1인분)
kakao,불이아 역삼점,소고기 정식 (1인분)
kakao,불이아 역삼점,꿔바로우 (소)
kakao,하오마라 선릉점,마라탕
kakao,하오마라 선릉점,마라향궈
kakao,하오마라 선릉점,꿔바로우
kakao,하오마라 선릉점,향라치킨
kakao,하오마라 선릉점,향라대하
kakao,선릉을지순대국,순대국 (보)
kakao,선릉을지순대국,신순대국육개장
kakao,선릉을지순대국,머릿고기
kakao,선릉을지순대국,을지순대
kakao,선릉을지순대국,술국
kakao,빌리앤오티스,아메리카노
kakao,빌리앤오티스,카페라떼
kakao,빌리앤오티스,말차라떼
kakao,빌리앤오티스,얼그레이
kakao,빌리앤오티스,허니 레몬 에이드
kakao,브롱스 선릉점,육포&치즈
kakao,브롱스 선릉점,초코 퐁듀
kakao,브롱스 선릉점,클래식 치즈 피자
kakao,브롱스 선릉점,브롱스 학센
kakao,브롱스 선릉점,통새우살 샐러드
kakao,투썸플레이스 대치선릉점,고구마 라떼
kakao,투썸플레이스 대치선릉점,아이스 그린티 라떼
kakao,투썸플레이스 대치선릉점,아이스 카페 아메리카노
kakao,투썸플레이스 대치선릉점,오렌지 자몽 주스
kakao,투썸플레이스 대치선릉점,오렌지자몽티
kakao,투썸플레이스 대치선릉점,유자 레몬티
kakao,투썸플레이스 대치선릉점,콜드브루
kakao,의령전원,의령정원의 특선
kakao,의령전원,두꺼운 삼겹살
kakao,의령전원,자연산 모듬 생선 양념 구이
kakao,의령전원,치악산 횡성한우등심 (150g)
kakao,의령전원,한우 특수 모듬 (150g)
kakao,곰바위,곱창 전골
kakao,곰바위,불고기 전골
kakao,곰바위,한우 육회 냉면
kakao,곰바위,곰바위 홍탕
kakao,곰바위,갈비탕
kakao,곰바위,설렁탕
kakao,곰바위,한우 육회 비빔밥
kakao,곰바위,백 양곰탕
kakao,곰바위,냉면
kakao,곰바위,한우육회비빔밥 (점심)
kakao,곰바위,뚝배기불고기
kakao,곰바위,냉면 (점심)
kakao,곰바위,곰바위 홍탕 (점심)
kakao,곰바위,갈비탕 (점심)
kakao,곰바위,설렁탕 (점심)
kakao,곰바위,백 양곰탕 (점심)
kakao,곰바위,소고기국밥
kakao,비언유주얼,주말 및 Dinner Course (2Table)
kakao,비언유주얼,주말 및 Dinner Course (1Table)
kakao,비언유주얼,평일 Lunch Course (2Table)
kakao,비언유주얼,프로포즈 대관 (Private Room)
kakao,비언유주얼,평일 Lunch Course (1Table)
kakao,파크루안 역삼점,중식쇠고기안심스테이크
kakao,파크루안 역삼점,쇠고기안심양상추쌈
kakao,파크루안 역삼점,피망쇠고기볶음
kakao,파크루안 역삼점,찹쌀탕수육
kakao,파크루안 역삼점,광동식탕수육
kakao,우가네,전주 콩나물국밥
kakao,우가네,돌솥비빔밥
kakao,우가네,뚝배기불고기
kakao,우가네,왕솥뚜껑 생삼겹살 (180g)
kakao,우가네,왕솥뚜껑 생목살 (180g)
kakao,광주식당,삼겹살(2인분)
kakao,광주식당,생태찌개(2인분)
kakao,광주식당,동태찌개(2인분)
kakao,광주식당,오징어볶음(2인분)
kakao,광주식당,순두부찌개(1인분)
kakao,낭만옵빠 선릉점,생연어사시미
kakao,낭만옵빠 선릉점,고구마생연어볼
kakao,낭만옵빠 선릉점,통삼겹김치찜
kakao,낭만옵빠 선릉점,닭똥집볶음
kakao,낭만옵빠 선릉점,먹태
kakao,제주보쌈아강족발 선릉점,매운 아강족발
kakao,제주보쌈아강족발 선릉점,한방족발(중)
kakao,제주보쌈아강족발 선릉점,제주보쌈(중)
kakao,제주보쌈아강족발 선릉점,오리보쌈(중)
kakao,제주보쌈아강족발 선릉점,순대보쌈(중)
kakao,양가식당,고급양갈비(1인분)
kakao,난만,자몽청에이드
kakao,난만,아메리카노(HOT)
kakao,난만,카페라떼(HOT)
kakao,난만,연유라떼(HOT)
kakao,난만,그린티라떼(HOT)
kakao,맘스터치 강남선릉점,딥치즈버거
kakao,맘스터치 강남선릉점,싸이버거
kakao,맘스터치 강남선릉점,디럭스불고기버거
kakao,맘스터치 강남선릉점,화이트갈릭버거
kakao,맘스터치 강남선릉점,휠렛버거
kakao,맘스터치 강남선릉점,불사치킨
kakao,맘스터치 강남선릉점,케이준윙
kakao,맘스터치 강남선릉점,언빌리버블버거
kakao,맘스터치 강남선릉점,인크레더블버거
kakao,맘스터치 강남선릉점,살사리코버거
kakao,맘스터치 강남선릉점,리얼비프버거
kakao,맘스터치 강남선릉점,싸이플렉스버거
kakao,딸부자네불백 역삼점,칡냉면 SET
kakao,딸부자네불백 역삼점,딸불백
kakao,딸부자네불백 역삼점,차돌불백
kakao,딸부자네불백 역삼점,김치찌개
kakao,딸부자네불백 역삼점,고추튀김 (소)
kakao,지아니스나폴리 역삼점,디아볼라
kakao,지아니스나폴리 역삼점,레지나
kakao,지아니스나폴리 역삼점,고르곤졸라
kakao,지아니스나폴리 역삼점,홍합 나티보
kakao,지아니스나폴리 역삼점,"페코리노 치즈 & 루꼴라 샐러드,"
kakao,지아니스나폴리 역삼점,감베로니
kakao,지아니스나폴리 역삼점,감베리 크레마
kakao,해장옥,한우 뭇국
kakao,해장옥,한우 국밥
kakao,해장옥,해장국밥(선지)
kakao,해장옥,곱창 해장탕
kakao,해장옥,소고기 비빔메밀
kakao,구이마마 대치점,삼겹살(180g)
kakao,구이마마 대치점,오겹살(180g)
kakao,구이마마 대치점,양념갈비(250g)
kakao,구이마마 대치점,항정살(150g)
kakao,구이마마 대치점,목살(150g)
kakao,진대감 삼성점,한우차돌박이
kakao,진대감 삼성점,한우차돌삼합
kakao,진대감 삼성점,한우1++꽃등심
kakao,진대감 삼성점,날치알볶음밥
kakao,진대감 삼성점,한우1++소복불고기
kakao,진대감 삼성점,한우꽃게된장찌개
kakao,진대감 삼성점,관자장비빔밥
kakao,진대감 삼성점,시원한 묵사발
kakao,진대감 삼성점,진대감얼큰면
kakao,진대감 삼성점,구수한누룽지
kakao,오카에리,부타다마
kakao,오카에리,히로시마풍오코노미야끼
kakao,오카에리,오카에리풍 모던야끼
kakao,오카에리,오카에리 함박스테이크
kakao,오카에리,연어 사시미
kakao,란수사,저녁정식
kakao,란수사,간장게장정식
kakao,란수사,혼마구로 사시미
kakao,란수사,특사시미
kakao,란수사,사시미 (A)
kakao,란수사,사시미 (B)
kakao,샹베리,2인 코스 (2인 총)
kakao,샹베리,3~6인 코스 (1인 당)
kakao,삼다족발,족발+회무침 SET
kakao,삼다족발,족발+골뱅이무침
kakao,삼다족발,족보 SET (족발+보쌈)
kakao,삼다족발,족발+회무침+보쌈
kakao,삼다족발,족발+골뱅이+보쌈
kakao,삼육가 삼성역점,숙성한우 등심 (150g)
kakao,삼육가 삼성역점,치마살 (150g)
kakao,삼육가 삼성역점,부채살 (150g)
kakao,삼육가 삼성역점,한우육회 (150g)
kakao,삼육가 삼성역점,숙성 목살 (1인분)
kakao,껠끄쇼즈,아메리카노
kakao,껠끄쇼즈,밀크티
kakao,껠끄쇼즈,바닐라 타르트
kakao,껠끄쇼즈,밤흑임자 타르트
kakao,껠끄쇼즈,몽블랑
kakao,최가네버섯샤브매운탕칼국수 대치점,스페셜샤브샤브 (1인)
kakao,최가네버섯샤브매운탕칼국수 대치점,스몰샤브샤브 (1인)
kakao,최가네버섯샤브매운탕칼국수 대치점,버섯매운탕칼국수
kakao,커피빈 선릉역3번출구세방빌딩점,아메리카노
kakao,커피빈 선릉역3번출구세방빌딩점,바닐라 라떼
kakao,커피빈 선릉역3번출구세방빌딩점,헤이즐넛 아이스커피
kakao,커피빈 선릉역3번출구세방빌딩점,캐러멜 아이스 블렌디드
kakao,커피빈 선릉역3번출구세방빌딩점,얼 그레이 레몬티
kakao,커피빈 선릉역3번출구세방빌딩점,베리베리 아이스 블렌디드
kakao,이대성의진면목,닭도리탕
kakao,이대성의진면목,아귀꽃찜
kakao,이대성의진면목,왕새우튀김
kakao,이대성의진면목,바다칼국수
kakao,이대성의진면목,백숙칼국수
kakao,카츠젠 선릉점,생등심돈카츠
kakao,카츠젠 선릉점,고추매운돈카츠
kakao,카츠젠 선릉점,이탈리안 치즈카츠
kakao,카츠젠 선릉점,판모밀
kakao,카츠젠 선릉점,알밥 모밀카츠
kakao,1260이베리코흑돼지 강남직영점,황금돼지 삼겹살 (160g)
kakao,1260이베리코흑돼지 강남직영점,스페셜 모듬 (중)
kakao,1260이베리코흑돼지 강남직영점,가정식 백반 (런치메뉴)
kakao,1260이베리코흑돼지 강남직영점,삼겹살 정식 (런치메뉴)
kakao,1260이베리코흑돼지 강남직영점,차돌된장찌개 (런치메뉴)
kakao,벽돌집60-5,삼겹살 (국내산150g)
kakao,벽돌집60-5,목살 (국내산150g)
kakao,벽돌집60-5,눈꽃목살 (이베리코베요타 150g)
kakao,청춘어람,초밥(10PCS)
kakao,청춘어람,활어 회
kakao,청춘어람,연어 덮밥
kakao,청춘어람,도미 머리 조림
kakao,청춘어람,우럭 구이
kakao,강남수랏간,돼지갈비 (250g)
kakao,강남수랏간,삼겹살 (180g)
kakao,강남수랏간,항정살 (150g)
kakao,강남수랏간,목살 (180g)
kakao,강남수랏간,갈매기살 (180g)
kakao,후지,킹크랩코스(1인)
kakao,후지,대게코스(1인)
kakao,후지,랍스타코스(1인)
kakao,후지,대게정식(1인)
kakao,후지,후지정식 A
kakao,박서방순대국밥 삼성본점,순대국밥
kakao,박서방순대국밥 삼성본점,모듬순대 (소)
kakao,박서방순대국밥 삼성본점,머리고기
kakao,박서방순대국밥 삼성본점,술국
kakao,박서방순대국밥 삼성본점,오소리
kakao,신전떡볶이 대치점,떡볶이
kakao,신전떡볶이 대치점,치즈 떡볶이
kakao,신전떡볶이 대치점,오뎅튀김
kakao,신전떡볶이 대치점,김말이튀김
kakao,신전떡볶이 대치점,스팸마요 컵밥
kakao,신전떡볶이 대치점,참치마요 컵밥
kakao,신전떡볶이 대치점,신전라이스
kakao,신전떡볶이 대치점,튀김만두
kakao,신전떡볶이 대치점,잡채말이튀김
kakao,신전떡볶이 대치점,치즈스틱
kakao,신전떡볶이 대치점,신전김밥
kakao,대파집,냉삼 (1인분)
kakao,대파집,대파차돌 (1인분)
kakao,대파집,대왕동태탕 (소)
kakao,대파집,대왕 김치찌개 (소)
kakao,대파집,김치찌개
kakao,제주삼육돈 선릉직영점,제주 흑생고기 (200g)
kakao,제주삼육돈 선릉직영점,제주 껍 살 (180g)
kakao,제주삼육돈 선릉직영점,제주 오겹살 (150g)
kakao,제주삼육돈 선릉직영점,제주 목살 (150g)
kakao,제주삼육돈 선릉직영점,제주 가브리살 (150g)
kakao,전봇대,닭발양념숯불 (1인)
kakao,전봇대,꼼장어양념숯불 (1인)
kakao,전봇대,똥집숯불 (1인)
kakao,전봇대,목살숯불 (1인)
kakao,전봇대,김치목살 김치찌개
kakao,아카라,우니 성게알 (50g)
kakao,아카라,사시미 5종
kakao,아카라,연어 짚불 사시미
kakao,아카라,명란 구이 & 아보카도
kakao,아카라,와규 꼬리 구이
kakao,아카라,안심 숯불 스테이크
kakao,아카라,야끼토리 3종 세트
kakao,호또치킨 강남본점,오리지널 치킨
kakao,호또치킨 강남본점,통후추 치킨
kakao,호또치킨 강남본점,어니언 치킨
kakao,호또치킨 강남본점,간장 치킨
kakao,호또치킨 강남본점,양념 치킨
kakao,마라차이즈,소고기 (100g)
kakao,마라차이즈,양고기 (100g)
kakao,마라차이즈,야채 (100g)
kakao,마라차이즈,꼬치
kakao,대파양곱창,곱창구이 (1인분)
kakao,대파양곱창,양구이 (1인분)
kakao,대파양곱창,막창구이 (1인분)
kakao,대파양곱창,대창구이 (1인분)
kakao,대파양곱창,염통구이 (1인분)
kakao,생활맥주 선릉역점,앵그리버드와 감자
kakao,생활맥주 선릉역점,바삭 황태 구이
kakao,생활맥주 선릉역점,스팸 튀김
kakao,생활맥주 선릉역점,촉촉오징어
kakao,생활맥주 선릉역점,나초칩
kakao,강남본가가마골,흑돼지오겹 (170g)
kakao,강남본가가마골,갈매기살 (160g)
kakao,강남본가가마골,항정살 (160g)
kakao,강남본가가마골,소갈비살 (160g)
kakao,강남본가가마골,흑돼지김치찌개 (점심메뉴)
kakao,달빛보쌈 논현점,굴보쌈 정식 (1인)
kakao,달빛보쌈 논현점,소고기 육전
kakao,달빛보쌈 논현점,홍가리비탕
kakao,달빛보쌈 논현점,달빛 보쌈 큰상
kakao,달빛보쌈 논현점,달빛 보쌈 한상
kakao,달빛보쌈 논현점,달빛 보쌈 정식
kakao,달빛보쌈 논현점,해초 보쌈정식
kakao,영동떡볶이,오뎅
kakao,영동떡볶이,라면
kakao,영동떡볶이,떡볶이
kakao,영동떡볶이,순대
kakao,영동떡볶이,튀김
kakao,청담동장독대 김치찌개,김치찌개정식
kakao,청담동장독대 김치찌개,부대찌개정식
kakao,청담동장독대 김치찌개,제육쌈밥정식
kakao,청담동장독대 김치찌개,김치찌개
kakao,청담동장독대 김치찌개,부대찌개
kakao,영덕물회,낙지볶음밥 (1인)
kakao,영덕물회,회덮밥
kakao,영덕물회,게장알밥
kakao,영덕물회,막회 (대)
kakao,영덕물회,막회 (중)
kakao,영덕물회,과메기
kakao,영덕물회,문어 (대)
kakao,영덕물회,문어 (중)
kakao,영덕물회,왕소라
kakao,영덕물회,문어&왕소라
kakao,영덕물회,우럭매운탕
kakao,영덕물회,세꼬시 (12시~2시까지)
kakao,영덕물회,세꼬시
kakao,영덕물회,한치물회
kakao,영덕물회,잡어
kakao,영덕물회,생대구탕 (대)
kakao,영덕물회,생대구탕 (중)
kakao,영덕물회,새우탕
kakao,영덕물회,아귀찜
kakao,노가리슈퍼 선릉점,전주황태
kakao,노가리슈퍼 선릉점,문어다리
kakao,노가리슈퍼 선릉점,학교앞밀떡볶이
kakao,노가리슈퍼 선릉점,학교앞밀떡볶이
kakao,노가리슈퍼 선릉점,짝태
kakao,노가리슈퍼 선릉점,촉촉오징어
kakao,노가리슈퍼 선릉점,통통노가리
kakao,노가리슈퍼 선릉점,짜장떡볶이
kakao,노가리슈퍼 선릉점,버팔로윙봉셋트
kakao,노가리슈퍼 선릉점,통마늘닭똥집튀김
kakao,노가리슈퍼 선릉점,통살오징어튀김
kakao,노가리슈퍼 선릉점,옛날짜장떡볶이
kakao,노가리슈퍼 선릉점,얼큰문어라면
kakao,노가리슈퍼 선릉점,짜파구리
kakao,노가리슈퍼 선릉점,아이스청포도
kakao,오성식당,매운등갈비찜 (1인분)
kakao,오성식당,곤드레나물밥
kakao,식물원282,디너
kakao,식물원282,디쉬
kakao,식물원282,런치
kakao,식물원282,음료
kakao,곰작골나주곰탕 선릉점,나주곰탕
kakao,곰작골나주곰탕 선릉점,수육곰탕
kakao,곰작골나주곰탕 선릉점,양곰탕
kakao,곰작골나주곰탕 선릉점,도가니탕
kakao,곰작골나주곰탕 선릉점,전복곰탕
kakao,명가교동짬뽕 선릉2호점,짜장면 or 밥
kakao,명가교동짬뽕 선릉2호점,교동짬뽕 or 밥
kakao,명가교동짬뽕 선릉2호점,찹쌀탕수육 (소)
kakao,명가교동짬뽕 선릉2호점,납짝군만두
kakao,명가교동짬뽕 선릉2호점,왕새우튀김
kakao,명가교동짬뽕 선릉2호점,마늘깐풍기
kakao,명가교동짬뽕 선릉2호점,고추잡채
kakao,할리스 선릉샹제리제점,할리스 리프레시 세트
kakao,할리스 선릉샹제리제점,가벼운 한끼 세트
kakao,할리스 선릉샹제리제점,더블 민트초코 세트
kakao,할리스 선릉샹제리제점,스윗 유어데이 세트
kakao,할리스 선릉샹제리제점,할리스 브런치 세트
kakao,할리스 선릉샹제리제점,든든한 하루 세트
kakao,할리스 선릉샹제리제점,천도복숭아스무디 - Regular/ICE
kakao,할리스 선릉샹제리제점,천도복숭아요거트라떼 - Regular/ICE
kakao,할리스 선릉샹제리제점,트리플초코라운드
kakao,할리스 선릉샹제리제점,부드러운쿠키앤크림
kakao,잭슨피자 대치점,베이컨 체다 할라피뇨(퍼스널)
kakao,잭슨피자 대치점,하와이안 피자(퍼스널)
kakao,잭슨피자 대치점,페퍼로니 딜라이트(퍼스널)
kakao,잭슨피자 대치점,수퍼 잭슨 피자(퍼스널)
kakao,잭슨피자 대치점,레전드피자(퍼스널)
kakao,국고집,한우국시
kakao,국고집,안동국밥
kakao,국고집,양지국밥
kakao,국고집,한우 보신탕
kakao,국고집,찰보리 초계국수 (물냉면)
kakao,친친,친친 특냉채(Small)
kakao,친친,친친 특냉채(Regular)
kakao,친친,해산물 냉채(Small)
kakao,친친,해산물 냉채(Regular)
kakao,친친,해물누룽지탕(Small)
kakao,진수사,대구탕 (지리)
kakao,진수사,대구머리탕 (지리)
kakao,진수사,복어튀김
kakao,진수사,메로구이
kakao,진수사,도미머리소금구이
kakao,바른치킨 강남선릉점,현미바사삭
kakao,바른치킨 강남선릉점,양념치킨
kakao,바른치킨 강남선릉점,간장윙봉
kakao,바른치킨 강남선릉점,통곡물 간장치킨
kakao,바른치킨 강남선릉점,대새레드
kakao,바른치킨 강남선릉점,대새핫블랙
kakao,차호랑,섭밥
kakao,차호랑,섭밥정식
kakao,차호랑,낙지볶음
kakao,차호랑,오징어순대
kakao,차호랑,갈비찜
kakao,보노보노플러스 삼성점,평일점심 (성인)
kakao,보노보노플러스 삼성점,평일점심 (초등학생)
kakao,보노보노플러스 삼성점,평일점심 (미취학생)
kakao,보노보노플러스 삼성점,평일저녁 (성인)
kakao,보노보노플러스 삼성점,평일저녁 (초등학생)
kakao,한미옥,한우스테이크(200g)
kakao,한미옥,한우스테이크(400g)
kakao,한미옥,된장술밥
kakao,한미옥,차돌구절판(중)
kakao,한미옥,두루구이(150g)
kakao,한미옥,차돌구절판(대)
kakao,한미옥,차돌꽃절판 한상
kakao,해피해피케이크,아메리카노
kakao,해피해피케이크,카페라떼
kakao,해피해피케이크,얼그레이 프렌치블루
kakao,해피해피케이크,캐모마일
kakao,해피해피케이크,초콜릿
kakao,이가네양꼬치 대치동점,탕수육
kakao,이가네양꼬치 대치동점,양왕갈비 (250g)
kakao,이가네양꼬치 대치동점,양등심꼬치 (220g)
kakao,이가네양꼬치 대치동점,양왕꼬치 (1인분)
kakao,이가네양꼬치 대치동점,양꼬치 (1인분)
kakao,전가네손칼국수,흑돼지왕족발(중)
kakao,전가네손칼국수,보쌈(중)
kakao,전가네손칼국수,손칼국수
kakao,전가네손칼국수,열무비빔국수
kakao,전가네손칼국수,팥칼국수
kakao,메이크샐러드 선릉점,수비드 닭가슴살 샐러드
kakao,메이크샐러드 선릉점,파스타푸실리 샐러드
kakao,메이크샐러드 선릉점,두부 샐러드
kakao,메이크샐러드 선릉점,그릴드 목살 샐러드
kakao,메이크샐러드 선릉점,치킨 랩
kakao,교대이층집 삼성점,꽃삼겹(150g)
kakao,교대이층집 삼성점,통삼겹(160g)
kakao,교대이층집 삼성점,통목살(160g)
kakao,교대이층집 삼성점,통항정살(150g)
kakao,교대이층집 삼성점,"차돌박이(한우1++, 150g)"
kakao,교대이층집 삼성점,"채끝등심(한우1++, 150g)"
kakao,교대이층집 삼성점,해물냄비 추가
kakao,교대이층집 삼성점,버섯칼국수
kakao,교대이층집 삼성점,시골된장찌개
kakao,교대이층집 삼성점,김치찌개
kakao,교대이층집 삼성점,[후식] 냉면(물/비빔)
kakao,교대이층집 삼성점,[점심] 시골 된장찌개
kakao,교대이층집 삼성점,[점심] 김치 찌개
kakao,교대이층집 삼성점,[점심] 한돈제육볶음(2인 이상)
kakao,교대이층집 삼성점,[점심] 소고기국밥
kakao,교대이층집 삼성점,[점심] 김치부대전골(2인 이상)
kakao,교대이층집 삼성점,[점심] 냉면 (물/비빔)
kakao,교대이층집 삼성점,볶음밥 한 판
kakao,호신각,짜장면
kakao,호신각,고추쟁반짜장
kakao,호신각,차돌박이짬뽕
kakao,호신각,게살볶음밥
kakao,호신각,삼선짬뽕밥
kakao,마부육전 선릉직영점,소갈비찜 (1인분)
kakao,마부육전 선릉직영점,돼지갈비찜 (1인분)
kakao,마부육전 선릉직영점,닭갈비찜 (1인분)
kakao,마부육전 선릉직영점,모듬전
kakao,마부육전 선릉직영점,육전 (중)
kakao,우시야 역삼점,우설(100g)
kakao,우시야 역삼점,안심
kakao,우시야 역삼점,치마살
kakao,우시야 역삼점,업진살
kakao,우시야 역삼점,육사시미
kakao,데쎄르룸,아메리카노
kakao,데쎄르룸,카페라떼
kakao,데쎄르룸,그린티라떼
kakao,데쎄르룸,핫초코
kakao,데쎄르룸,녹차
kakao,데쎄르룸,얼그레이
kakao,데쎄르룸,캐모마일
kakao,하루,런치오마카세 A(1인 기준)
kakao,하루,런치오마카세 B(1인 기준)
kakao,하루,오마카세(1인 기준)
kakao,하루,사시미 모리아와세(소)
kakao,하루,차돌박이 나가사키짬뽕
kakao,롤리폴리꼬또,우삼겹&파채 진라면
kakao,롤리폴리꼬또,깻잎순 키마카레
kakao,롤리폴리꼬또,소고기 & 사과 카레
kakao,롤리폴리꼬또,매실&토마토에이드
kakao,롤리폴리꼬또,마라맛 라조장 기름 떡볶이
kakao,롤리폴리꼬또,롤리폴리 샐러드 씬피자
kakao,롤리폴리꼬또,타바 & 토마토라면
kakao,코이라멘 한티역점,마제소바
kakao,코이라멘 한티역점,게살크림고로케 (3EA)
kakao,코이라멘 한티역점,오리지날라멘
kakao,코이라멘 한티역점,차슈덮밥
kakao,코이라멘 한티역점,매운라멘
kakao,교동전선생 선릉역점,감자전
kakao,교동전선생 선릉역점,계란말이
kakao,교동전선생 선릉역점,고추전
kakao,교동전선생 선릉역점,골뱅이무침
kakao,교동전선생 선릉역점,교동 반반전
kakao,교동전선생 선릉역점,교동SET A
kakao,교동전선생 선릉역점,교동SET B
kakao,교동전선생 선릉역점,교동SET C
kakao,교동전선생 선릉역점,굴전(계절)
kakao,교동전선생 선릉역점,김치전
kakao,교동전선생 선릉역점,꼬막데침
kakao,교동전선생 선릉역점,낙지볶음소면
kakao,교동전선생 선릉역점,도토리묵
kakao,교동전선생 선릉역점,동그랑땡
kakao,교동전선생 선릉역점,동태전
kakao,교동전선생 선릉역점,두부김치
kakao,교동전선생 선릉역점,매콤한국물떡볶이
kakao,교동전선생 선릉역점,먹태땅콩
kakao,교동전선생 선릉역점,모듬전
kakao,교동전선생 선릉역점,버터구이반건조오징어땅콩
kakao,교동전선생 선릉역점,부추전
kakao,교동전선생 선릉역점,순대전
kakao,교동전선생 선릉역점,순두부찌개
kakao,교동전선생 선릉역점,어묵탕
kakao,교동전선생 선릉역점,얼큰해물짬뽕탕
kakao,교동전선생 선릉역점,잔치국수
kakao,교동전선생 선릉역점,조개지리탕
kakao,교동전선생 선릉역점,치즈김치전
kakao,교동전선생 선릉역점,한치땅콩
kakao,교동전선생 선릉역점,해물계란찜
kakao,교동전선생 선릉역점,해물누룽지탕
kakao,교동전선생 선릉역점,해물라면
kakao,교동전선생 선릉역점,해물파전
kakao,교동전선생 선릉역점,홍합탕
kakao,교동전선생 선릉역점,황도
kakao,소공순대,병천순대국
kakao,소공순대,소공순대국
kakao,소공순대,삼색순대
kakao,소공순대,소공두루치기 (200g)
kakao,소공순대,모듬수육
kakao,돼지연구소 선정릉직영점,모듬반판 (2~3인)
kakao,돼지연구소 선정릉직영점,흰살 (150g)
kakao,돼지연구소 선정릉직영점,꼬들살 (150g)
kakao,돼지연구소 선정릉직영점,껍데기 (220g)
kakao,돼지연구소 선정릉직영점,된장술밥
kakao,엔제리너스 선릉골드로즈점,FRESH SANDWICH SET
kakao,엔제리너스 선릉골드로즈점,큐브달콤 브레드SET
kakao,엔제리너스 선릉골드로즈점,오리지널 불고기
kakao,엔제리너스 선릉골드로즈점,꽃살크래미
kakao,엔제리너스 선릉골드로즈점,싱글오리진 아메리카노
kakao,엔제리너스 선릉골드로즈점,자바초콜렛칩스노우
kakao,엔제리너스 선릉골드로즈점,쿠키&크림스노우
kakao,북창동순두부 선릉2호점,LA갈비 순두부 정식
kakao,북창동순두부 선릉2호점,LA갈비구이
kakao,북창동순두부 선릉2호점,곱창순두부
kakao,북창동순두부 선릉2호점,굴 돌솥밥+순두부
kakao,북창동순두부 선릉2호점,굴김치 볶음밥+순부두
kakao,북창동순두부 선릉2호점,굴순부두
kakao,북창동순두부 선릉2호점,김치순두부
kakao,북창동순두부 선릉2호점,낙지볶음 순두부 정식
kakao,북창동순두부 선릉2호점,낚지볶음
kakao,북창동순두부 선릉2호점,냉모밀
kakao,북창동순두부 선릉2호점,도토리묵 무침
kakao,북창동순두부 선릉2호점,두부 곱창 전골
kakao,북창동순두부 선릉2호점,들깨/매생이 삼계탕
kakao,북창동순두부 선릉2호점,들깨순두부
kakao,북창동순두부 선릉2호점,떡갈비 순두부 정식
kakao,북창동순두부 선릉2호점,떡갈비구이
kakao,북창동순두부 선릉2호점,만두순두부
kakao,북창동순두부 선릉2호점,매생이순두부
kakao,북창동순두부 선릉2호점,보쌈 순두부 정식
kakao,북창동순두부 선릉2호점,북창동 보쌈
kakao,북창동순두부 선릉2호점,북창동 전골
kakao,북창동순두부 선릉2호점,삼채나물 돌솥밥 순두부
kakao,북창동순두부 선릉2호점,생굴
kakao,북창동순두부 선릉2호점,서리태 콩국수
kakao,북창동순두부 선릉2호점,섞어순두부
kakao,북창동순두부 선릉2호점,쇠고기순두부
kakao,북창동순두부 선릉2호점,전통순두부
kakao,북창동순두부 선릉2호점,제육볶음 순두부 정식
kakao,북창동순두부 선릉2호점,청국장순두부
kakao,북창동순두부 선릉2호점,카레순두부
kakao,북창동순두부 선릉2호점,콩나물 비빔밥+순두부
kakao,북창동순두부 선릉2호점,콩비지찌개
kakao,북창동순두부 선릉2호점,토시살 순두부 정식
kakao,북창동순두부 선릉2호점,토시살 양념구이
kakao,북창동순두부 선릉2호점,해물순두부
kakao,북창동순두부 선릉2호점,해장순두부
kakao,북창동순두부 선릉2호점,햄치즈순두부
kakao,북창동순두부 선릉2호점,황태구이 순두부 정식
kakao,북창동순두부 선릉2호점,황태순두부
kakao,나따오비까 대치점,아메리카노
kakao,나따오비까 대치점,콜드브루
kakao,나따오비까 대치점,에그타르트
kakao,나따오비까 대치점,애플시나몬타르트
kakao,나따오비까 대치점,갈릭타르트
kakao,나주육곱식당 강남직영점,한돈삼겹살(180g)
kakao,나주육곱식당 강남직영점,한돈목살(180g)
kakao,나주육곱식당 강남직영점,소곱창구이(180g)
kakao,나주육곱식당 강남직영점,대창구이(180g)
kakao,나주육곱식당 강남직영점,쭈꾸미볶음
kakao,맑은바닷가,장어덮밥 (점심메뉴)
kakao,맑은바닷가,활어회덮밥 (점심메뉴)
kakao,맑은바닷가,해물 된장 뚝배기 (점심메뉴)
kakao,맑은바닷가,낙지비빔밥 (점심메뉴)
kakao,맑은바닷가,연어덮밥 (점심메뉴)
kakao,춘이네닭도리탕 동생1호선릉직영점,숙성 닭도리탕(소)
kakao,춘이네닭도리탕 동생1호선릉직영점,꽃도리탕(소)
kakao,춘이네닭도리탕 동생1호선릉직영점,둥지국물닭발
kakao,춘이네닭도리탕 동생1호선릉직영점,베이컨감자전
kakao,춘이네닭도리탕 동생1호선릉직영점,똥집튀김
kakao,뚜레쥬르 카페선릉역점,심쿵랜덤박스
kakao,뚜레쥬르 카페선릉역점,치즈품은 애플망고빙수(망고)
kakao,뚜레쥬르 카페선릉역점,BELT샌드위치
kakao,뚜레쥬르 카페선릉역점,추억의 사라다고로케
kakao,뚜레쥬르 카페선릉역점,그랑드카페 아이스아메리카노
kakao,뚜레쥬르 카페선릉역점,딸기와 우유생크림 2호
kakao,봉산집,차돌박이
kakao,봉산집,양
kakao,봉산집,아롱사태
kakao,봉산집,차돌된장찌개
kakao,봉산집,양밥
kakao,복돈이가마솥순대국,순대국
kakao,복돈이가마솥순대국,술국
kakao,복돈이가마솥순대국,찹쌀순대
kakao,복돈이가마솥순대국,토종순대
kakao,복돈이가마솥순대국,오징어순대
kakao,경평면옥,평양냉면
kakao,경평면옥,비빔냉면
kakao,경평면옥,온면
kakao,경평면옥,경평손만두 (반접시)
kakao,경평면옥,경평어복쟁반 (소)
kakao,연,성게알 사시미
kakao,연,가지 모찌 니오르시
kakao,연,참치 아보카도
kakao,연,메로 데리야끼
kakao,연,스키야키
kakao,우진가 더 챔버스,안심 (100g)
kakao,우진가 더 챔버스,등심 (100g)
kakao,우진가 더 챔버스,채끝살 (100g)
kakao,우진가 더 챔버스,살치살 (100g)
kakao,우진가 더 챔버스,안창살 (100g)
kakao,황태마을,황태설렁탕
kakao,황태마을,아침황태설렁탕
kakao,황태마을,황태식사구이 (정식)
kakao,황태마을,황태전복탕
kakao,레드비틀,수제돈까스
kakao,레드비틀,함박스테이크
kakao,레드비틀,함박돈까스정식
kakao,레드비틀,먹태
kakao,레드비틀,카레돈까스
kakao,레드비틀,마콤바삭후라이드치킨
kakao,레드비틀,페퍼로니피자
kakao,마구로젠,코스 정식 (1인)
kakao,마구로젠,특 코스 정식 (1인)
kakao,마구로젠,마구로 젠 골드 (1인)
kakao,마구로젠,마구로 젠 사파이어 (1인)
kakao,마구로젠,마구로 젠 VIP (1인)
kakao,에그드랍 선릉역점,미스터 에그
kakao,에그드랍 선릉역점,아메리칸 햄 치즈
kakao,에그드랍 선릉역점,베이컨 더블 치즈
kakao,에그드랍 선릉역점,데리야끼 바베큐
kakao,에그드랍 선릉역점,아메리카노
kakao,에그드랍 선릉역점,카페라떼
kakao,대우부대찌개,부대찌개
kakao,대우부대찌개,등심부대찌개
kakao,대우부대찌개,소시지구이
kakao,대우부대찌개,등심구이 (150g)
kakao,대우부대찌개,안심구이 (150g)
kakao,상아김밥 선릉직영점,상아떡볶이
kakao,상아김밥 선릉직영점,치즈떡볶이
kakao,상아김밥 선릉직영점,오뎅탕
kakao,상아김밥 선릉직영점,상아김밥
kakao,상아김밥 선릉직영점,고추김밥
kakao,신강양꼬치 선릉점,양다리바베큐 (중)
kakao,신강양꼬치 선릉점,고급양갈비 (220g)
kakao,신강양꼬치 선릉점,양꼬치 (10꼬치)
kakao,신강양꼬치 선릉점,오이양장피무침
kakao,신강양꼬치 선릉점,꿔버러우
kakao,흑돈가 삼성역점,흑돼지 생 오겹살 (150g)
kakao,흑돈가 삼성역점,흑돼지 생 목살 (160g)
kakao,흑돈가 삼성역점,항정살 (150g)
kakao,흑돈가 삼성역점,양념갈비구이 (250g)
kakao,흑돈가 삼성역점,벌집껍데기 (150g)
kakao,스미즈,복사시미코스요리 (1인분)
kakao,스미즈,특사시미 (1인분)
kakao,스미즈,세꼬시 (1접시)
kakao,순남시래기 역삼점,3대 시래기국
kakao,순남시래기 역삼점,얼큰 시래기국
kakao,순남시래기 역삼점,봄향 쑥국
kakao,순남시래기 역삼점,도마수육 (소)
kakao,순남시래기 역삼점,쑥떡떡갈비 (1장)
kakao,장쓰동,동파육
kakao,장쓰동,마라탕
kakao,장쓰동,마라샹궈
kakao,장쓰동,마파두부
kakao,장쓰동,라즈지
kakao,장쓰동,바지락볶음
kakao,장쓰동,새우완탕
kakao,장쓰동,오향장육
kakao,장쓰동,파이황과(소)
kakao,장쓰동,파이황과(대)
kakao,장쓰동,훈튀튀김(8pis)
kakao,장쓰동,훈툰튀김(4pis)
kakao,한성양꼬치 선릉2호점,양꼬치(10꼬치)
kakao,한성양꼬치 선릉2호점,마라양꼬치(10꼬치)
kakao,한성양꼬치 선릉2호점,짝태(1마리)
kakao,한성양꼬치 선릉2호점,돼지고기튀김
kakao,한성양꼬치 선릉2호점,마라룽샤
kakao,윤가 역삼점,사천식 훠거 무한리필
kakao,윤가 역삼점,양꼬치&사천식 훠궈 무한리필
kakao,윤가 역삼점,모듬 양꼬치 무한리필
kakao,윤가 역삼점,마라탕
kakao,윤가 역삼점,마라샹궈
kakao,윤가 역삼점,통양다리구이
kakao,윤가 역삼점,양다리볶음
kakao,윤가 역삼점,양다리탕
kakao,탐라도야지,오겹살 (1인분)
kakao,탐라도야지,삼겹살 (1인분)
kakao,탐라도야지,목살 (1인분)
kakao,탐라도야지,이베리코목살 (1인분)
kakao,탐라도야지,한우차돌박이 (1인분)
kakao,탐라도야지,갈비살 (1인분)
kakao,선릉본가 쭈꾸미와대패삼겹,황쭈탕
kakao,선릉본가 쭈꾸미와대패삼겹,쭈꾸미정식(2인이상)
kakao,선릉본가 쭈꾸미와대패삼겹,대패김치볶음(2인이상)
kakao,선릉본가 쭈꾸미와대패삼겹,대패삼겹살(2인이상)
kakao,선릉본가 쭈꾸미와대패삼겹,생삼겹살(2인이상)
kakao,니뽕내뽕 선릉점,내피자
kakao,니뽕내뽕 선릉점,니피자
kakao,니뽕내뽕 선릉점,로뽕
kakao,니뽕내뽕 선릉점,샐뽕
kakao,니뽕내뽕 선릉점,일뽕
kakao,니뽕내뽕 선릉점,차뽕
kakao,니뽕내뽕 선릉점,크뽕
kakao,니뽕내뽕 선릉점,태뽕
kakao,니뽕내뽕 선릉점,토뽕
kakao,어반81,에스프레소
kakao,어반81,카페라떼
kakao,어반81,아메리카노
kakao,어반81,그린티라떼
kakao,어반81,밀크티
kakao,스타벅스 르네상스사거리점,블랙 글레이즈드 라떼
kakao,스타벅스 르네상스사거리점,아이스 블랙 글레이즈드 라떼
kakao,스타벅스 르네상스사거리점,시그니처 더 블랙 콜드 브루
kakao,스타벅스 르네상스사거리점,그린 글레이즈드 크림 프라푸치노
kakao,스타벅스 르네상스사거리점,제주 스노잉 백록담
kakao,스타벅스 르네상스사거리점,제주 카멜리아 티
kakao,스타벅스 르네상스사거리점,아이스 제주 카멜리아 티
kakao,스타벅스 르네상스사거리점,오늘의 커피
kakao,스타벅스 르네상스사거리점,카푸치노
kakao,스타벅스 르네상스사거리점,카페 라떼
kakao,스타벅스 르네상스사거리점,카페 모카
kakao,스타벅스 르네상스사거리점,카페 아메리카노
kakao,스타벅스 르네상스사거리점,카라멜 마키아또
kakao,스타벅스 르네상스사거리점,화이트 초콜릿 모카
kakao,스타벅스 르네상스사거리점,스타벅스 돌체 라떼
kakao,스타벅스 르네상스사거리점,자바 칩 프라푸치노
kakao,스타벅스 르네상스사거리점,망고 바나나 블렌디드
kakao,스타벅스 르네상스사거리점,아이스 자몽 허니 블랙 티
kakao,스타벅스 르네상스사거리점,자몽 허니 블랙 티
kakao,스타벅스 르네상스사거리점,콜드 브루
kakao,스타벅스 르네상스사거리점,디카페인 카페 아메리카노
kakao,스타벅스 르네상스사거리점,디카페인 카페 라떼
kakao,스타벅스 르네상스사거리점,제주 유기농 말차로 만든 라떼
kakao,스타벅스 르네상스사거리점,돌체 콜드 브루
kakao,맛있는제주,활 고등어회 (대)
kakao,맛있는제주,활 고등어회 (소)
kakao,맛있는제주,대 방어회 (대)
kakao,맛있는제주,대 방어회 (소)
kakao,맛있는제주,은 갈치회 (대)
kakao,맛있는제주,은 갈치회 (소)
kakao,맛있는제주,제주모듬회  (대)
kakao,맛있는제주,제주모듬회  (소)
kakao,맛있는제주,방고회 (대)
kakao,맛있는제주,방고회 (소)
kakao,맛있는제주,갈고회 (대)
kakao,맛있는제주,갈고회 (소)
kakao,맛있는제주,제주해산물 (대)
kakao,맛있는제주,제주해산물 (소)
kakao,맛있는제주,문어숙회
kakao,맛있는제주,참소라숙회
kakao,맛있는제주,뿔소라회
kakao,맛있는제주,전복회
kakao,맛있는제주,옥돔구이
kakao,맛있는제주,은갈치구이
kakao,동해식당,가정식백반
kakao,동해식당,묵은지삼겹살
kakao,동해식당,닭볶음탕
kakao,동해식당,낙지볶음
kakao,강남면옥 대치점,회냉면
kakao,강남면옥 대치점,비빔냉면
kakao,강남면옥 대치점,물냉면
kakao,강남면옥 대치점,갈비탕 (특)
kakao,강남면옥 대치점,갈비탕
kakao,강남면옥 대치점,만두국
kakao,강남면옥 대치점,찐만두
kakao,강남면옥 대치점,찐만두 (반접시)
kakao,강남면옥 대치점,갈비찜 (대)
kakao,강남면옥 대치점,갈비찜 (중)
kakao,강남면옥 대치점,갈비찜 (소)
kakao,강남면옥 대치점,수육
kakao,강남면옥 대치점,수육 (반접시)
kakao,강남면옥 대치점,홍어회
kakao,강남면옥 대치점,홍어회 (반접시)
kakao,한앤둘치킨 선릉점,후라이드치킨
kakao,한앤둘치킨 선릉점,양념치킨
kakao,한앤둘치킨 선릉점,간장치킨
kakao,한앤둘치킨 선릉점,마늘치킨
kakao,한앤둘치킨 선릉점,오븐구이
kakao,강남샤오츠,유니짜장
kakao,강남샤오츠,짬뽕
kakao,강남샤오츠,짬뽕밥
kakao,강남샤오츠,잡채밥
kakao,강남샤오츠,미니탕수육
kakao,연스시,사시미
kakao,연스시,초밥
kakao,연스시,새우튀김
kakao,연스시,장어구이
kakao,연스시,복매운탕
kakao,인기명 삼성점,전복공룡뼈짐 A (2~3인)
kakao,인기명 삼성점,조개찜 A (2인)
kakao,인기명 삼성점,랍스터조개찜 A (2인)
kakao,인기명 삼성점,조갈찜 A (2인)
kakao,인기명 삼성점,랍스터조갈찜 A (2인)
kakao,인기명 삼성점,랍스터조갈찜 C (4인)
kakao,인기명 삼성점,조갈찜 B (3인)
kakao,인기명 삼성점,조갈찜 C (4인)
kakao,인기명 삼성점,랍스터조갈찜 B (3인)
kakao,인기명 삼성점,조개찜 B (3인)
kakao,인기명 삼성점,조개찜 C (4인)
kakao,인기명 삼성점,랍스터조개찜 B (3인)
kakao,인기명 삼성점,랍스터조개찜 C (4인)
kakao,인기명 삼성점,황제조갈찜
kakao,김봉남포장마차 선릉점,부추꼬꼬
kakao,김봉남포장마차 선릉점,부추차돌
kakao,김봉남포장마차 선릉점,계팸
kakao,김봉남포장마차 선릉점,낙지볶음
kakao,김봉남포장마차 선릉점,오뎅탕
kakao,에드빗커피,에스프레스
kakao,에드빗커피,아메리카노
kakao,에드빗커피,카페라떼
kakao,에드빗커피,플랫화이트
kakao,에드빗커피,바닐라라떼
kakao,빽다방 선릉역1호점,원조커피
kakao,빽다방 선릉역1호점,카라멜마키아또
kakao,빽다방 선릉역1호점,카페모카
kakao,빽다방 선릉역1호점,녹차라떼
kakao,빽다방 선릉역1호점,달콤아이스티
kakao,빽다방 선릉역1호점,사라다빵
kakao,빽다방 선릉역1호점,완전초코
kakao,빽다방 선릉역1호점,앗!메리카노
kakao,담뿍화로된장찌개 대치점,화로된장찌개
kakao,담뿍화로된장찌개 대치점,연삼겹(180g)
kakao,담뿍화로된장찌개 대치점,연목살(180g)
kakao,담뿍화로된장찌개 대치점,소갈비살(160g)
kakao,담뿍화로된장찌개 대치점,LA갈비(250g)
kakao,카페인더시티,에스프레소
kakao,카페인더시티,아메리카노
kakao,카페인더시티,카페라떼
kakao,카페인더시티,카페 알 오렌지 (ICE)
kakao,카페인더시티,아인슈페너
kakao,히라이 선릉점,새우볶음밥
kakao,히라이 선릉점,게살볶음밥
kakao,히라이 선릉점,잡채밥
kakao,히라이 선릉점,마파두부밥
kakao,히라이 선릉점,쇠고기덮밥
kakao,히라이 선릉점,송이덮밥
kakao,히라이 선릉점,삼선짬뽕밥
kakao,히라이 선릉점,유산슬밥
kakao,히라이 선릉점,잡탕밥
kakao,히라이 선릉점,히라이특밥
kakao,히라이 선릉점,삼선볶음밥
kakao,히라이 선릉점,짜장밥
kakao,히라이 선릉점,고추잡채밥
kakao,히라이 선릉점,볶음밥
kakao,히라이 선릉점,삼선고추잡채밥
kakao,히라이 선릉점,자장면
kakao,히라이 선릉점,삼선자장면
kakao,히라이 선릉점,삼선짬뽕
kakao,히라이 선릉점,삼선우동
kakao,히라이 선릉점,기스면
kakao,한죽그리고삼계탕 본점,삼계탕
kakao,한죽그리고삼계탕 본점,전복삼계탕
kakao,한죽그리고삼계탕 본점,들깨삼계탕
kakao,한죽그리고삼계탕 본점,전복죽
kakao,한죽그리고삼계탕 본점,잣죽
kakao,커리146 강남점,마크니 커리
kakao,한솥도시락 르네상스호텔사거리점,매화
kakao,한솥도시락 르네상스호텔사거리점,진달래
kakao,한솥도시락 르네상스호텔사거리점,제육김치찌게정식
kakao,한솥도시락 르네상스호텔사거리점,돈치김치찌게정식
kakao,지유가오카핫초메 선릉점,아메리카노(HOT)
kakao,지유가오카핫초메 선릉점,라떼(HOT)
kakao,지유가오카핫초메 선릉점,아인슈페너(HOT)
kakao,지유가오카핫초메 선릉점,자몽에이드
kakao,지유가오카핫초메 선릉점,코코넛 커피 스무디
kakao,카페413프로젝트,아메리카노
kakao,카페413프로젝트,카페 라떼
kakao,카페413프로젝트,플랫 빈센트 (ICE)
kakao,카페413프로젝트,모카 크라우드 (ICE)
kakao,카페413프로젝트,시그니처 밀크티
kakao,카페413프로젝트,라임 모히또
kakao,쇠뚜레,곰탕
kakao,쇠뚜레,육회비빔밥
kakao,쇠뚜레,불고기쌈밥
kakao,쇠뚜레,제육쌈밥
kakao,쇠뚜레,차돌박이쌈밥
kakao,쇠뚜레,대패삼겹살쌈밥
kakao,쇠뚜레,갈비살 (150g)
kakao,쇠뚜레,양념갈비살 (150g)
kakao,쇠뚜레,차돌박이 (150g)
kakao,쇠뚜레,육회 (200g)
kakao,쇠뚜레,육사시미 (200g)
kakao,쇠뚜레,양념갈비 (250g)
kakao,쇠뚜레,생갈비 (230g)
kakao,쇠뚜레,안창살 (150g)
kakao,쇠뚜레,살치살 (150g)
kakao,쇠뚜레,누룽지탕
kakao,쇠뚜레,물냉면
kakao,쇠뚜레,비빔냉면
kakao,쇠뚜레,매콤 오징어 불백
kakao,전통백암순대국 삼성점,국밥 (보통)
kakao,전통백암순대국 삼성점,국밥 (특)
kakao,전통백암순대국 삼성점,정식
kakao,전통백암순대국 삼성점,술국
kakao,전통백암순대국 삼성점,오소리감투
kakao,사주테라피,개인운세(전체)
kakao,사주테라피,궁합
kakao,사주테라피,재상담
kakao,사주테라피,"작명(신생아,개명)"
kakao,사주테라피,상호
kakao,사주테라피,"택일(결혼,이사,출생) 시작가"
kakao,사주테라피,VIP경영컨설팅(월)
kakao,사주테라피,사주명리학강의
kakao,사주테라피,"침뜸강의, 풍수 감정"
kakao,소라야,시오라멘
kakao,소라야,아카라멘
kakao,소라야,츠케멘
kakao,소라야,차슈덮밥
kakao,소라야,타코야끼
kakao,투썸플레이스 선릉ING점,고구마 라떼
kakao,투썸플레이스 선릉ING점,아이스 그린티 라떼
kakao,투썸플레이스 선릉ING점,아이스 카페 아메리카노
kakao,투썸플레이스 선릉ING점,오렌지 자몽 주스
kakao,투썸플레이스 선릉ING점,오렌지자몽티
kakao,투썸플레이스 선릉ING점,유자 레몬티
kakao,투썸플레이스 선릉ING점,콜드브루
kakao,범표원두 역삼점,호랑이 형님
kakao,범표원두 역삼점,맛 조청 군밤 자두
kakao,범표원두 역삼점,타이거스킨
kakao,범표원두 역삼점,아메리카노
kakao,범표원두 역삼점,카페라떼
kakao,범표원두 역삼점,달달 에그샌드위치
kakao,범표원두 역삼점,홍차라떼
kakao,스시류,사시미오마카세 A
kakao,스시류,사시미오마카세 B
kakao,스시류,오마카세A
kakao,스시류,오마카세B
kakao,스시류,스시코스
kakao,스시류,스시(12pcs)
kakao,스시류,혼마구로 감태마끼
kakao,스타벅스 선정릉역,블랙 글레이즈드 라떼
kakao,스타벅스 선정릉역,아이스 블랙 글레이즈드 라떼
kakao,스타벅스 선정릉역,시그니처 더 블랙 콜드 브루
kakao,스타벅스 선정릉역,그린 글레이즈드 크림 프라푸치노
kakao,스타벅스 선정릉역,제주 스노잉 백록담
kakao,스타벅스 선정릉역,제주 카멜리아 티
kakao,스타벅스 선정릉역,아이스 제주 카멜리아 티
kakao,스타벅스 선정릉역,오늘의 커피
kakao,스타벅스 선정릉역,카푸치노
kakao,스타벅스 선정릉역,카페 라떼
kakao,스타벅스 선정릉역,카페 모카
kakao,스타벅스 선정릉역,카페 아메리카노
kakao,스타벅스 선정릉역,카라멜 마키아또
kakao,스타벅스 선정릉역,화이트 초콜릿 모카
kakao,스타벅스 선정릉역,스타벅스 돌체 라떼
kakao,스타벅스 선정릉역,자바 칩 프라푸치노
kakao,스타벅스 선정릉역,망고 바나나 블렌디드
kakao,스타벅스 선정릉역,아이스 자몽 허니 블랙 티
kakao,스타벅스 선정릉역,자몽 허니 블랙 티
kakao,스타벅스 선정릉역,콜드 브루
kakao,스타벅스 선정릉역,디카페인 카페 아메리카노
kakao,스타벅스 선정릉역,디카페인 카페 라떼
kakao,스타벅스 선정릉역,제주 유기농 말차로 만든 라떼
kakao,스타벅스 선정릉역,돌체 콜드 브루
kakao,신도세기 삼성역점,SGP 숄더랙 (2인)
kakao,신도세기 삼성역점,SGP 통삼겹 (150g)
kakao,신도세기 삼성역점,SGP 꽃목살 (150g)
kakao,신도세기 삼성역점,SGP 가브리살/항정살 (150g)
kakao,신도세기 삼성역점,SGP 통갈매기 (150g)
kakao,쟈르뎅페르뒤,쉬림프 오일 파스타
kakao,쟈르뎅페르뒤,단호박 크림 파스타
kakao,쟈르뎅페르뒤,자르뎅 집밥
kakao,쟈르뎅페르뒤,해산탕
kakao,쟈르뎅페르뒤,김치볶음밥
kakao,수다 삼성2호점,매생이 누룽지탕
kakao,수다 삼성2호점,닭 목살 구이
kakao,수다 삼성2호점,곱창 숙주볶음
kakao,그란구스또,해산물 모둠 튀김
kakao,그란구스또,매운 홍합찜
kakao,그란구스또,마르게리따 피자
kakao,그란구스또,랍스터와 후레쉬 토마토 소스 파스타
kakao,그란구스또,오징어 먹물소스 리조또
kakao,아야커피,라떼
kakao,아야커피,아메리카노
kakao,아야커피,아야커피
kakao,아야커피,카라멜 솔티드
kakao,아야커피,수제 밀크티
kakao,삼백집 역삼역점,삼백집콩나물국밥
kakao,삼백집 역삼역점,해온반
kakao,삼백집 역삼역점,사장님국밥
kakao,삼백집 역삼역점,전주놋그릇비빔밥
kakao,삼백집 역삼역점,삼계국밥
kakao,카메스시,스시오마카세 (런치)
kakao,카메스시,스시오마카세 (디너)
kakao,참치공간,오마카세 B(1인기준)
kakao,참치공간,오마카세 A(1인기준)
kakao,참치공간,오마카세 C(1인기준)
kakao,참치공간,초밥 A
kakao,참치공간,초밥 B
kakao,705사케집 선릉점,생연어사시미 (중)
kakao,705사케집 선릉점,생연어샐러드
kakao,705사케집 선릉점,나가사끼 짬뽕
kakao,705사케집 선릉점,메로구이
kakao,705사케집 선릉점,치킨 가라아게
kakao,베이징코야 역삼동점,삼선자장면
kakao,베이징코야 역삼동점,삼선짬뽕
kakao,베이징코야 역삼동점,북경오리구이 (L)
kakao,베이징코야 역삼동점,오리고기 마늘소스 볶음 (S)
kakao,베이징코야 역삼동점,오리고기 피망 야채볶음 (S)
kakao,청춘닭볶이,즉석닦볶이 (2인분) (닭300g)
kakao,청춘닭볶이,즉석떡볶이 (2인분)
kakao,청춘닭볶이,날치알 주먹밥
kakao,청춘닭볶이,날치알 볶음밥
kakao,김태완스시,스페셜초밥(12ps)
kakao,김태완스시,연어초밥(10ps)
kakao,김태완스시,꽃등심+참치초밥(5ps+5ps)
kakao,김태완스시,수제히레까스
kakao,김태완스시,활광어회덮밥
kakao,선릉양조장족발,족발 (중)
kakao,선릉양조장족발,반반족발 (특선)
kakao,선릉양조장족발,불족발 (특선)
kakao,선릉양조장족발,멸치손칼국수
kakao,선릉양조장족발,소고기손칼국수
kakao,써브웨이 삼성점,풀드포크
kakao,써브웨이 삼성점,로스트 치킨
kakao,써브웨이 삼성점,미트볼
kakao,써브웨이 삼성점,에그마요
kakao,써브웨이 삼성점,참치
kakao,써브웨이 삼성점,터키 베이커 아보카도 찹 샐러드
kakao,빌리엔젤 신라스테이점,바나나코코넛케이크
kakao,빌리엔젤 신라스테이점,리얼초콜릿케이크
kakao,빌리엔젤 신라스테이점,카라멜케이크
kakao,빌리엔젤 신라스테이점,레드벨벳 케이크(Piece)
kakao,빌리엔젤 신라스테이점,당근 케이크(Piece)
kakao,전주콩나물국밥,전주 콩나물국밥
kakao,전주콩나물국밥,전주 양푼 비빔밥
kakao,전주콩나물국밥,전주 돌솥 비빔밥
kakao,전주콩나물국밥,데친 오징어
kakao,전주콩나물국밥,오징어부추전 (소)
kakao,명동피자 대치점,명불허전 세트
kakao,명동피자 대치점,마성의 파스타
kakao,명동피자 대치점,맥주를부르는 피자 (1인)
kakao,명동피자 대치점,치즈_끝판왕 피자 (1인)
kakao,명동피자 대치점,수진이가먹었던 피자 (1인)
kakao,고갯마루,닭도리탕 (소)
kakao,고갯마루,오리주물럭
kakao,고갯마루,오리불고기
kakao,고갯마루,황기삼계탕
kakao,고갯마루,황기닭곰탕
kakao,커피마마퀸 선릉점,아메리카노
kakao,커피마마퀸 선릉점,카페라떼
kakao,커피마마퀸 선릉점,치즈크림아메리카노
kakao,커피마마퀸 선릉점,블루베리주스
kakao,커피마마퀸 선릉점,자두에이드
kakao,커피마마퀸 선릉점,크림듬뿍와플
kakao,커피마마퀸 선릉점,사과잼와플
kakao,커피마마퀸 선릉점,누텔라콕콕와플
kakao,커피마마퀸 선릉점,콘체다와플
kakao,여수오동도,병어 (소)
kakao,여수오동도,서대무침 (소)
kakao,여수오동도,매운탕 (소)
kakao,여수오동도,마른생선찜 (소)
kakao,여수오동도,갑오징어 (소)
kakao,분틀 선릉점,숯불구이 (반접시)
kakao,분틀 선릉점,메밀 비빔 국수
kakao,분틀 선릉점,메밀 물 국수
kakao,분틀 선릉점,메밀 회 국수
kakao,분틀 선릉점,메밀 들기름 국수
kakao,신라다랑원,대왕 후토마키 1줄
kakao,신라다랑원,와우 후토마키&스시
kakao,신라다랑원,와우 후토스시
kakao,신라다랑원,와우 큐브 스시
kakao,신라다랑원,대왕 새우튀김
kakao,신라다랑원,모듬스시
kakao,신라다랑원,참치스시
kakao,신라다랑원,모듬사시미
kakao,신라다랑원,참치사시미
kakao,자유참치,참치회 (1인)
kakao,이태리부대찌개 역삼GS점,부대찌개
kakao,이태리부대찌개 역삼GS점,부대전골
kakao,이태리부대찌개 역삼GS점,우삼겹부대전골 (대)
kakao,이태리부대찌개 역삼GS점,우삼겹부대전골 (중)
kakao,이태리부대찌개 역삼GS점,등심부대전골 (대)
kakao,이태리부대찌개 역삼GS점,등심부대전골 (중)
kakao,이태리부대찌개 역삼GS점,우삼겹/등심부대전골 (대)
kakao,이태리부대찌개 역삼GS점,우삼겹/등심부대전골 (중)
kakao,이태리부대찌개 역삼GS점,부대볶음
kakao,이태리부대찌개 역삼GS점,우삼겹부대볶음
kakao,용수사,바닷가재사시미
kakao,용수사,전복사시미
kakao,용수사,보양탕
kakao,용수사,장어구이정식
kakao,용수사,도미조림정식
kakao,동래정 선릉직영점,정가브리
kakao,동래정 선릉직영점,미갈매기
kakao,동래정 선릉직영점,목살
kakao,동래정 선릉직영점,오겹살
kakao,오더에스프레소,아메리카노
kakao,오더에스프레소,카페라떼
kakao,오더에스프레소,오더 솔트
kakao,오더에스프레소,오더 더치
kakao,오더에스프레소,오더 크림치즈
kakao,지구당 역삼두꺼비빌딩점,왕새우 냉소바
kakao,지구당 역삼두꺼비빌딩점,규동
kakao,지구당 역삼두꺼비빌딩점,텐동
kakao,지구당 역삼두꺼비빌딩점,우동
kakao,지구당 역삼두꺼비빌딩점,냉소바
kakao,새집남원추어탕,추어탕
kakao,새집남원추어탕,통추어탕
kakao,새집남원추어탕,낙지비빔밥
kakao,새집남원추어탕,황태콩나물국밥
kakao,새집남원추어탕,추어전골 (소)
kakao,원조양평해장국,양선지해장국
kakao,원조양평해장국,뼈해장국
kakao,원조양평해장국,한우내장탕
kakao,원조양평해장국,북어해장국
kakao,원조양평해장국,선지해장국
kakao,원조양평해장국,감자탕 (소)
kakao,도마다리뼈다귀감자탕,묵은지감자탕(소)
kakao,도마다리뼈다귀감자탕,뼈다귀감자탕(소)
kakao,도마다리뼈다귀감자탕,삼겹살
kakao,도마다리뼈다귀감자탕,산묵어숙회
kakao,도마다리뼈다귀감자탕,돌솥비빔밥
kakao,명인등심 삼성직영점,한우 특등심 (150g)
kakao,명인등심 삼성직영점,한우 특등심 주물럭 (150g)
kakao,명인등심 삼성직영점,한우 육회 (150g)
kakao,명인등심 삼성직영점,시골 된장죽
kakao,명인등심 삼성직영점,"한우 육사시미 (150g) (화,수,목 한정)"
kakao,7%칠백식당 포스코직영점,칠백한우모둠(150g)
kakao,7%칠백식당 포스코직영점,칠백한우육사시미 (200g)
kakao,7%칠백식당 포스코직영점,칠백된장찌개
kakao,7%칠백식당 포스코직영점,곤드레밥
kakao,7%칠백식당 포스코직영점,짱아찌국수
kakao,원조한방정통삼계탕,한방반계탕
kakao,원조한방정통삼계탕,한방삼계탕
kakao,원조한방정통삼계탕,한방삼계탕 (특)
kakao,원조한방정통삼계탕,반계탕
kakao,원조한방정통삼계탕,삼계탕
kakao,밀도 한티역점,담백식빵
kakao,밀도 한티역점,리치식빵
kakao,밀도 한티역점,큐브초코
kakao,밀도 한티역점,큐브팥앙금
kakao,밀도 한티역점,마롱미니
kakao,스타벅스 삼성점,블랙 글레이즈드 라떼
kakao,스타벅스 삼성점,아이스 블랙 글레이즈드 라떼
kakao,스타벅스 삼성점,시그니처 더 블랙 콜드 브루
kakao,스타벅스 삼성점,그린 글레이즈드 크림 프라푸치노
kakao,스타벅스 삼성점,제주 스노잉 백록담
kakao,스타벅스 삼성점,제주 카멜리아 티
kakao,스타벅스 삼성점,아이스 제주 카멜리아 티
kakao,스타벅스 삼성점,오늘의 커피
kakao,스타벅스 삼성점,카푸치노
kakao,스타벅스 삼성점,카페 라떼
kakao,스타벅스 삼성점,카페 모카
kakao,스타벅스 삼성점,카페 아메리카노
kakao,스타벅스 삼성점,카라멜 마키아또
kakao,스타벅스 삼성점,화이트 초콜릿 모카
kakao,스타벅스 삼성점,스타벅스 돌체 라떼
kakao,스타벅스 삼성점,자바 칩 프라푸치노
kakao,스타벅스 삼성점,망고 바나나 블렌디드
kakao,스타벅스 삼성점,아이스 자몽 허니 블랙 티
kakao,스타벅스 삼성점,자몽 허니 블랙 티
kakao,스타벅스 삼성점,콜드 브루
kakao,스타벅스 삼성점,디카페인 카페 아메리카노
kakao,스타벅스 삼성점,디카페인 카페 라떼
kakao,스타벅스 삼성점,제주 유기농 말차로 만든 라떼
kakao,스타벅스 삼성점,돌체 콜드 브루
kakao,더차이홍 삼성점,짜장면
kakao,더차이홍 삼성점,짬뽕
kakao,더차이홍 삼성점,탕우수육 (Small)
kakao,더차이홍 삼성점,칠리 중새우 (Small)
kakao,더차이홍 삼성점,깐풍기 (Small)
kakao,황우양대창,특양구이
kakao,황우양대창,특양.대창
kakao,황우양대창,특대창
kakao,황우양대창,양.대창
kakao,황우양대창,대창
kakao,황우양대창,전골 (소)
kakao,황우양대창,양밥 (소)
kakao,배스킨라빈스 대치점,나눠먹는 와츄원
kakao,배스킨라빈스 대치점,바로먹는 와츄원
kakao,배스킨라빈스 대치점,버라이어티팩
kakao,배스킨라빈스 대치점,핸드팩세트
kakao,배스킨라빈스 대치점,파인트
kakao,배스킨라빈스 대치점,쿼터
kakao,배스킨라빈스 대치점,패밀리
kakao,배스킨라빈스 대치점,핑크 구름 솜사탕
kakao,배스킨라빈스 대치점,시크릿 라이언
kakao,배스킨라빈스 대치점,달콤한 선물상자
kakao,배스킨라빈스 대치점,27 큐브 케이크
kakao,배스킨라빈스 대치점,시크릿 어피치
kakao,배스킨라빈스 대치점,스마일 스노우 블러섬
kakao,배스킨라빈스 대치점,하프갤론
kakao,배스킨라빈스 대치점,나눠먹는 큐브 와츄원
kakao,배스킨라빈스 대치점,듀얼와츄원NO.9
kakao,배스킨라빈스 대치점,골라먹는 와츄원
kakao,배스킨라빈스 대치점,해피 버스데이 케이크
kakao,배스킨라빈스 대치점,빙그르르 마카롱
kakao,배스킨라빈스 대치점,찰떡콩떡 케이크
kakao,커피빈 선릉로93길점,아메리카노
kakao,커피빈 선릉로93길점,바닐라 라떼
kakao,커피빈 선릉로93길점,헤이즐넛 아이스커피
kakao,커피빈 선릉로93길점,캐러멜 아이스 블렌디드
kakao,커피빈 선릉로93길점,얼 그레이 레몬티
kakao,커피빈 선릉로93길점,베리베리 아이스 블렌디드
kakao,백수산,고.제정식 (점심메뉴)
kakao,백수산,물회 (계절메뉴) (점심메뉴)
kakao,백수산,특물회 (계절메뉴) (점심메뉴)
kakao,백수산,회덮밥 (점심메뉴)
kakao,백수산,해물알탕 (점심메뉴)
kakao,일등추어탕,반계추어탕
kakao,일등추어탕,뚝배기불고기
kakao,일등추어탕,전복추어탕
kakao,일등추어탕,통추어탕
kakao,일등추어탕,우렁추어탕
kakao,광수사,점심정식
kakao,광수사,생선초밥
kakao,광수사,생선초밥 (특)
kakao,광수사,민어탕
kakao,광수사,민어탕 (특)
kakao,광수사,영광보리굴비
kakao,광수사,영광보리굴비 (특)
kakao,광수사,간장게장정식
kakao,광수사,간장게장정식 (특)
kakao,광수사,(특) 민어초밥
kakao,광수사,(특) 민어탕
kakao,광수사,(특) 민어회덮밥
kakao,광수사,(특) 생선초밥
kakao,광수사,(특) 영광 보리굴비
kakao,광수사,B정식
kakao,광수사,C정식
kakao,광수사,간장게장 정식
kakao,광수사,간장게장 포장판매 (1kg)
kakao,광수사,간장게장 포장판매 (2kg)
kakao,광수사,간장게장 포장판매 (3kg)
kakao,카페베네 선릉역점,바닐라라떼
kakao,카페베네 선릉역점,아메리카노
kakao,카페베네 선릉역점,에스프레소
kakao,카페베네 선릉역점,카페모카
kakao,카페베네 선릉역점,피스타치오라떼
kakao,카페베네 선릉역점,오곡라떼
kakao,카페베네 선릉역점,딸기요거트스무디
kakao,카페베네 선릉역점,그린티프라페노
kakao,선릉가든,꽃등심(150g)
kakao,선릉가든,차돌박이(150g)
kakao,선릉가든,오겹살(150g)
kakao,선릉가든,매운불고기(200g)
kakao,선릉가든,한우육회(200g)
kakao,홍백,홍백 생고기
kakao,홍백,홍백 육회
kakao,홍백,홍빽 뼈없는 생갈비살
kakao,홍백,홍백 정통 꽃등심
kakao,홍백,한우 선지 콩나물 해장국
kakao,남산노포식당 선릉본점,돼지고기덮밥
kakao,남산노포식당 선릉본점,막창덮밥
kakao,남산노포식당 선릉본점,간장새우덮밥
kakao,남산노포식당 선릉본점,치킨덮밥
kakao,남산노포식당 선릉본점,미소대창라면
kakao,이디야커피 선릉역점,콜드브루 니트로
kakao,이디야커피 선릉역점,민트모카
kakao,이디야커피 선릉역점,바닐라 라떼
kakao,이디야커피 선릉역점,카라멜 마끼아또
kakao,이디야커피 선릉역점,카페 라떼
kakao,이디야커피 선릉역점,카페 아메리카노
kakao,이디야커피 선릉역점,카페모카
kakao,이디야커피 선릉역점,카푸치노
kakao,이디야커피 선릉역점,화이트 초콜릿 모카
kakao,이디야커피 선릉역점,콜드브루라떼
kakao,이디야커피 선릉역점,콜드브루 화이트 비엔나
kakao,부엉이식당,등심 돈가스
kakao,부엉이식당,치즈브라운 돈가스
kakao,부엉이식당,매운 부엉이 특제라멘
kakao,부엉이식당,에비우동
kakao,부엉이식당,냉모밀
kakao,어메이징타이,팟타이
kakao,어메이징타이,그린 커리
kakao,어메이징타이,톳만꿍
kakao,어메이징타이,솜땀
kakao,어메이징타이,똠양꿍
kakao,미성양꼬치 삼성점,고급양갈비 (1인분)
kakao,미성양꼬치 삼성점,오돌뼈꼬치 (10꼬치)
kakao,미성양꼬치 삼성점,꿔보로우
kakao,미성양꼬치 삼성점,어향가지
kakao,미성양꼬치 삼성점,향라대하
kakao,동대문엽기떡볶이 대치점,A SET
kakao,동대문엽기떡볶이 대치점,B SET
kakao,동대문엽기떡볶이 대치점,C SET
kakao,동대문엽기떡볶이 대치점,Family SET
kakao,동대문엽기떡볶이 대치점,참숯 SET
kakao,동대문엽기떡볶이 대치점,국물닭발
kakao,동대문엽기떡볶이 대치점,누룽지탕
kakao,동대문엽기떡볶이 대치점,아채볶음닭발
kakao,동대문엽기떡볶이 대치점,엽기닭볶음탕
kakao,동대문엽기떡볶이 대치점,엽기떡볶이
kakao,동대문엽기떡볶이 대치점,엽기반반
kakao,동대문엽기떡볶이 대치점,엽기오뎅
kakao,동대문엽기떡볶이 대치점,오뎅탕
kakao,동대문엽기떡볶이 대치점,오돌뼈
kakao,동대문엽기떡볶이 대치점,주먹김밥
kakao,동대문엽기떡볶이 대치점,참숯 닭날개
kakao,동대문엽기떡볶이 대치점,참숯 뼈없는 닭발
kakao,동대문엽기떡볶이 대치점,참숯 통닭발
kakao,동대문엽기떡볶이 대치점,엽기로제떡볶이
kakao,정참치,혼마구로 (2-3인)
kakao,정참치,혼마구로 (2-3인)
kakao,정참치,모듬회 (2-3인)
kakao,정참치,활어한접시
kakao,정참치,연어한접시
kakao,포레스트힐링카페,아메리카노
kakao,포레스트힐링카페,카페라떼
kakao,포레스트힐링카페,흑당 버블밀크티 (ICE)
kakao,포레스트힐링카페,상큼레몬티
kakao,포레스트힐링카페,꿀자몽티
kakao,커피빈 선릉로86길점,아메리카노
kakao,커피빈 선릉로86길점,바닐라 라떼
kakao,커피빈 선릉로86길점,헤이즐넛 아이스커피
kakao,커피빈 선릉로86길점,캐러멜 아이스 블렌디드
kakao,커피빈 선릉로86길점,얼 그레이 레몬티
kakao,커피빈 선릉로86길점,베리베리 아이스 블렌디드
kakao,화수사,특초밥
kakao,화수사,모듬사시미
kakao,화수사,도로사시미
kakao,화수사,생태탕
kakao,화수사,화수사정식
kakao,화수사,스페셜사시미
kakao,화수사,특사시미
kakao,화수사,장어구이정식
kakao,화수사,도미머리양념구이
kakao,화수사,간장게장정식
kakao,화수사,정식
kakao,화수사,스페셜초밥
kakao,화수사,정식(주말점심)
kakao,구을가,전복장 비빔밥
kakao,구을가,구을가 맑은 곰탕
kakao,구을가,시래기 코다리 조림
kakao,구을가,장어 덮밥
kakao,구을가,항정살 반상
kakao,24시와구아구,아구찜 (소)
kakao,24시와구아구,해물찜 (소)
kakao,24시와구아구,알고니찜 (소)
kakao,24시와구아구,아구찜정식
kakao,24시와구아구,동태찜정식
kakao,몰트바 배럴,위스키테이스팅코스
kakao,카페레꼴뜨,아메리카노
kakao,카페레꼴뜨,카페라떼
kakao,카페레꼴뜨,카푸치노
kakao,카페레꼴뜨,바닐라 라떼
kakao,카페레꼴뜨,얼그레이
kakao,삼성동커피볶는집,아메리카노(HOT)
kakao,삼성동커피볶는집,카페라떼(HOT)
kakao,삼성동커피볶는집,페퍼민트(HOT)
kakao,삼성동커피볶는집,홍차(HOT)
kakao,삼성동커피볶는집,레몬차(HOT)
kakao,아야진생태찌개 본점,해물모듬 (소)
kakao,아야진생태찌개 본점,생태찌개
kakao,아야진생태찌개 본점,콩나물 코다리찜 (중)
kakao,아야진생태찌개 본점,통문어 (소)
kakao,아야진생태찌개 본점,골뱅이 (소)
kakao,겐비이자카야,모듬사시미
kakao,겐비이자카야,참치타다키
kakao,겐비이자카야,메로구이
kakao,겐비이자카야,나가사키짬뽕
kakao,겐비이자카야,겐비오뎅나베
kakao,조개사냥,광어
kakao,조개사냥,우럭
kakao,조개사냥,전복회
kakao,조개사냥,산낙지
kakao,조개사냥,가리비회
kakao,나향반점,사천탕수육
kakao,나향반점,유림탕수육
kakao,나향반점,팔보채
kakao,나향반점,깐풍기
kakao,나향반점,짜장면
kakao,88노가리 선릉본점,먹태
kakao,88노가리 선릉본점,통오징어 짬뽕탕
kakao,88노가리 선릉본점,칼칼 부대찌개
kakao,88노가리 선릉본점,얼큰 문어라면
kakao,88노가리 선릉본점,순살88맛있닭
kakao,88노가리 선릉본점,전주황태
kakao,슐미랭삼 선릉점,부산밀면
kakao,슐미랭삼 선릉점,급랭 삼겹살(160g)
kakao,슐미랭삼 선릉점,돼지고기 참치쌈장찌개
kakao,슐미랭삼 선릉점,돼지고기 순두부찌개
kakao,슐미랭삼 선릉점,돼지김치 짜글이라면
kakao,스시쇼우키,스시 코스
kakao,스시쇼우키,스시 오마카세(런치)
kakao,스시쇼우키,스시 오마카세(디너)
kakao,네모오징어 선릉점,갑오징어불고기백반
kakao,네모오징어 선릉점,오삼불고기백반
kakao,네모오징어 선릉점,오징어불고기백반
kakao,네모오징어 선릉점,낙지불고기백반
kakao,네모오징어 선릉점,갑오징어명란불고기
kakao,네모오징어 선릉점,갑오징어차돌로스
kakao,네모오징어 선릉점,갑오징어연포탕
kakao,선릉궁중갈비탕곰탕,설렁탕
kakao,선릉궁중갈비탕곰탕,영양갈비탕
kakao,선릉궁중갈비탕곰탕,전복갈비탕
kakao,선릉궁중갈비탕곰탕,육개장
kakao,선릉궁중갈비탕곰탕,뚝배기불고기
kakao,선릉궁중갈비탕곰탕,돌솥비빔밥
kakao,선릉궁중갈비탕곰탕,비빔밥
kakao,올툰24시만화카페 선릉점,진라면
kakao,올툰24시만화카페 선릉점,간짬뽕
kakao,올툰24시만화카페 선릉점,낙지볶음밥
kakao,올툰24시만화카페 선릉점,치킨텐더
kakao,올툰24시만화카페 선릉점,오리지널 핫도그
kakao,대치정육식당 본점,생등심(1인)
kakao,대치정육식당 본점,차돌박이(1인)
kakao,대치정육식당 본점,특수부위
kakao,대치정육식당 본점,육회
kakao,대치정육식당 본점,삼겹살
kakao,대치정육식당 본점,목살
kakao,대치정육식당 본점,항정살
kakao,카페그라노,아메리카노
kakao,카페그라노,라떼
kakao,카페그라노,레몬차
kakao,카페그라노,꿀생강차
kakao,카페그라노,애플라임 에이드
kakao,타이거슈가 삼성로점,흑당 홍차라떼 with 크림
kakao,타이거슈가 삼성로점,흑당 홍차라떼
kakao,타이거슈가 삼성로점,흑당 그린티라떼
kakao,타이거슈가 삼성로점,흑당 클래식 홍차
kakao,타이거슈가 삼성로점,흑당 쟈스민 그린티
kakao,맷카페,아메리카노
kakao,맷카페,카페라떼
kakao,맷카페,Matt 시그니처 라떼 (ICE)
kakao,맷카페,에티오피아
kakao,맷카페,콜드브루
kakao,미즈호노 스시야 대치점,스시야니기리(10P)
kakao,미즈호노 스시야 대치점,스시야모듬(10P)
kakao,미즈호노 스시야 대치점,훗까이(9P)
kakao,미즈호노 스시야 대치점,삿포로(9P)
kakao,미즈호노 스시야 대치점,백합(8P)
kakao,미즈호노 스시야 대치점,스시야스페셜(12P)
kakao,미즈호노 스시야 대치점,명품우나기스시
kakao,미즈호노 스시야 대치점,연어니기리(5P)
kakao,오마치슌,오마카세(인당)
kakao,오마치슌,니혼슈
kakao,채린,런치A코스 (1인)
kakao,채린,런치B코스 (1인)
kakao,채린,런치C코스 (1인)
kakao,채린,디너 매코스 (1인)
kakao,채린,디너 난코스 (1인)
kakao,채린,디너 국코스 (1인)
kakao,채린,디너 죽코스 (1인)
kakao,채린,디너 복코스 (1인)
kakao,채린,볶음밥
kakao,채린,짬뽕
kakao,채린,짜장면
kakao,대독장 역삼점,김치찌개정식
kakao,대독장 역삼점,철판불고기 (소)
kakao,대독장 역삼점,생삼겹살 (180g)
kakao,대독장 역삼점,냉동삼겹살 (180g)
kakao,대독장 역삼점,LA소갈비 (250g)
kakao,지구당 현대타워점,규동
kakao,지구당 현대타워점,텐동
kakao,지구당 현대타워점,카레라이스
kakao,지구당 현대타워점,우동
kakao,지구당 현대타워점,냉소바
kakao,트라토리아모로,모짜렐라 치즈와 토마토 샐러드
kakao,트라토리아모로,신선한 해산물 스파게티
kakao,트라토리아모로,갑오징어 먹물로 만든 먹물 리조또
kakao,트라토리아모로,팬에서 구워낸 양갈비(160g)
kakao,트라토리아모로,오늘의 생선요리
kakao,JVL부대찌개 포스코점,오리지날 부대찌개
kakao,유리카모메 선릉식당,수제유부주머니우동
kakao,유리카모메 선릉식당,김치유부주머니우동
kakao,유리카모메 선릉식당,고추장불고기 오니기리
kakao,유리카모메 선릉식당,참치샐러드 오니기리
kakao,유리카모메 선릉식당,크래미 날치알 오니기리
kakao,기네스하우스,치즈 피자
kakao,기네스하우스,바질 피자
kakao,기네스하우스,퀘사디아
kakao,기네스하우스,수제햄버거와 감자튀김
kakao,기네스하우스,어향동고
kakao,포메인 선릉역점,닭고기 덮밥
kakao,포메인 선릉역점,닭고기 볶음밥
kakao,포메인 선릉역점,닭고기 쌀국수(L)
kakao,포메인 선릉역점,닭고기 쌀국수(S)
kakao,포메인 선릉역점,닭고기 팟타이
kakao,포메인 선릉역점,돼지고기 덮밥
kakao,포메인 선릉역점,매운 해산물 볶음 쌀국수
kakao,포메인 선릉역점,매운 해산물 쌀국수(L)
kakao,포메인 선릉역점,매운 해산물 쌀국수(S)
kakao,포메인 선릉역점,메인즈 세트
kakao,포메인 선릉역점,메인즈 점보 세트
kakao,포메인 선릉역점,분보싸오
kakao,포메인 선릉역점,비프 청크 포(L)
kakao,포메인 선릉역점,비프 청크 포(S)
kakao,포메인 선릉역점,소고기 볶음밥
kakao,포메인 선릉역점,소고기 플랫 누들
kakao,포메인 선릉역점,스파이시 포(L)
kakao,포메인 선릉역점,스파이시 포(S)
kakao,포메인 선릉역점,오리지널 스프링롤
kakao,포메인 선릉역점,짜조 샐러드
kakao,포메인 선릉역점,치킨 스프링롤
kakao,포메인 선릉역점,치킨 앤 베지
kakao,포메인 선릉역점,치킨 앤 베지 덮밥
kakao,포메인 선릉역점,칠리 볶음밥
kakao,포메인 선릉역점,파인애플 볶음밥
kakao,포메인 선릉역점,포메인 쌀국수(L)
kakao,포메인 선릉역점,포메인 쌀국수(S)
kakao,포메인 선릉역점,포메인 쌈(L)
kakao,포메인 선릉역점,포메인 쌈(S)
kakao,포메인 선릉역점,포메인쌈&쌀국수 세트 2인
kakao,포메인 선릉역점,포메인치킨윙(L)
kakao,포메인 선릉역점,포메인치킨윙(S)
kakao,포메인 선릉역점,프리미엄 소고기 쌀국수(L)
kakao,포메인 선릉역점,프리미엄 소고기 쌀국수(S)
kakao,포메인 선릉역점,해산물 쌀국수(L)
kakao,포메인 선릉역점,해산물 쌀국수(S)
kakao,포메인 선릉역점,해산물 팟타이
kakao,호타루 선릉점,호타루미소라멘
kakao,호타루 선릉점,돈코츠라멘
kakao,호타루 선릉점,쇼유라멘
kakao,호타루 선릉점,규동
kakao,호타루 선릉점,직화부타동
kakao,갈비삼대참숯구이전문 강남역삼점,양념목살 (300g)
kakao,갈비삼대참숯구이전문 강남역삼점,왕갈비 (280g)
kakao,갈비삼대참숯구이전문 강남역삼점,진갈비살 (150g)
kakao,갈비삼대참숯구이전문 강남역삼점,물냉면
kakao,갈비삼대참숯구이전문 강남역삼점,비빔냉면
kakao,고기고샵 삼성역점,삼겹살(150g)
kakao,고기고샵 삼성역점,목살(150g)
kakao,고기고샵 삼성역점,모듬(500g)
kakao,고기고샵 삼성역점,수제양념갈비(200g)
kakao,고기고샵 삼성역점,LA갈비(250g)
kakao,아리양,특양구이
kakao,아리양,한우대창구이
kakao,아리양,백양구이
kakao,아리양,와규등심
kakao,아리양,갈비살
kakao,잼라운지,오늘의 파스타
kakao,잼라운지,Meat Platter (Couple)
kakao,잼라운지,등심스테이크 버섯리조또
kakao,잼라운지,해물 리조또
kakao,잼라운지,생굴 파스타
kakao,빽다방 선릉중앙점,원조커피
kakao,빽다방 선릉중앙점,카라멜마키아또
kakao,빽다방 선릉중앙점,카페모카
kakao,빽다방 선릉중앙점,녹차라떼
kakao,빽다방 선릉중앙점,달콤아이스티
kakao,빽다방 선릉중앙점,사라다빵
kakao,빽다방 선릉중앙점,완전초코
kakao,빽다방 선릉중앙점,앗!메리카노
kakao,제주몬트락 한티점,어멍세트 (600g)
kakao,제주몬트락 한티점,아방세트 (990g)
kakao,제주몬트락 한티점,제주돼지 오겹살 (160g)
kakao,제주몬트락 한티점,제주돼지 특목살 (160g)
kakao,제주몬트락 한티점,제주돼지 가브리살 (150g)
kakao,큰돈가,흑돼지근고기 300g
kakao,큰돈가,흑돼지근고기 600g
kakao,큰돈가,백돼지근고기 300g
kakao,큰돈가,백돼지근고기600g
kakao,큰돈가,30시간 김치찌개
kakao,큰돈가,유채 비빔국수
kakao,큰돈가,한라산 품은 계란찜
kakao,큰돈가,청하
kakao,큰돈가,한라산소주
kakao,큰돈가,제주위트에일맥주
kakao,큰돈가,라 비에이유 훼름
kakao,삼호복집,참복지리 (1인)
kakao,삼호복집,참복매운탕
kakao,삼호복집,참복샤브샤브 (1인)
kakao,삼호복집,참복수육
kakao,삼호복집,참복찜
kakao,돝고기506,A506 숙성돼지고기 삼겹살 (150g)
kakao,돝고기506,D806 숙성돼지고기 삼겹살 (150g)
kakao,돝고기506,I506 숙성돼지고기 목살 (150g)
kakao,돝고기506,항정살 (150g)
kakao,돝고기506,늑간살 (150g)
kakao,고메홈,보리굴비 특선
kakao,고메홈,보리굴비 (평일점심)
kakao,고메홈,수라상 정식
kakao,고메홈,고메정식
kakao,고메홈,고메홈정식
kakao,고메홈,고정식
kakao,고메홈,메정식
kakao,고메홈,갈비찜
kakao,고메홈,홍어삼합
kakao,고메홈,전유어
kakao,고메홈,낙지볶음
kakao,고메홈,떡갈비
kakao,고메홈,녹두전
kakao,고메홈,김치전
kakao,고메홈,보리굴비
kakao,고메홈,고메낮정식
kakao,고메홈,고메미정식
kakao,고메홈,고메선정식
kakao,고메홈,고메진정식
kakao,고메홈,구선정식 (점심)
kakao,시골진지상,모듬구이정식
kakao,시골진지상,보양탕
kakao,시골진지상,보리굴비정식 (1인)
kakao,시골진지상,간장게장정식 (1인)
kakao,시골진지상,갈치구이정식 (1인)
kakao,시골진지상,갈치&병어조림 (대)
kakao,시골진지상,갈치&병어조림 (중)
kakao,시골진지상,묵은김치 고등어조림 (대)
kakao,시골진지상,묵은김치 고등어조림 (중)
kakao,시골진지상,낙지연포탕
kakao,시골진지상,생대구지리 (대)
kakao,시골진지상,생대구지리 (중)
kakao,시골진지상,생대구매운탕 (대)
kakao,시골진지상,생대구매운탕 (중)
kakao,시골진지상,홍어탕 (대)
kakao,시골진지상,홍어탕 (중)
kakao,시골진지상,병어조림
kakao,시골진지상,생조기전
kakao,시골진지상,황간재미전
kakao,시골진지상,갈치조림
kakao,로얄마카롱,로얄크리미카노
kakao,로얄마카롱,아메리카노
kakao,로얄마카롱,카페라떼
kakao,로얄마카롱,바닐라라떼바
kakao,로얄마카롱,샷 그린티라떼
kakao,사람사는 고깃집 김일도 삼성코엑스점,김일도 냉면
kakao,사람사는 고깃집 김일도 삼성코엑스점,김일도한판 (700g)
kakao,사람사는 고깃집 김일도 삼성코엑스점,삼겹살 (160g)
kakao,사람사는 고깃집 김일도 삼성코엑스점,꽃목살 (160g)
kakao,사람사는 고깃집 김일도 삼성코엑스점,항정살 (150g)
kakao,사람사는 고깃집 김일도 삼성코엑스점,가브리살 (150g)
kakao,사람사는 고깃집 김일도 삼성코엑스점,갈매기살 (150g)
kakao,사람사는 고깃집 김일도 삼성코엑스점,양념소갈빗살 (150g)
kakao,사람사는 고깃집 김일도 삼성코엑스점,수제소세지 (120g)
kakao,사람사는 고깃집 김일도 삼성코엑스점,속풀이된장술밥
kakao,사람사는 고깃집 김일도 삼성코엑스점,날치알볶음밥
kakao,사람사는 고깃집 김일도 삼성코엑스점,가락청국장찌개
kakao,사람사는 고깃집 김일도 삼성코엑스점,얼큰쌀면
kakao,문배동육칼 삼성직영점,양지수육
kakao,문배동육칼 삼성직영점,양지수육맛보기
kakao,문배동육칼 삼성직영점,육개장 전골세트(소)
kakao,문배동육칼 삼성직영점,육개장전골세트(대)
kakao,문배동육칼 삼성직영점,도토리무침
kakao,우리집,포항막회
kakao,우리집,안주물회
kakao,우리집,포항과메기(중)
kakao,우리집,포항가자미구이
kakao,우리집,포항물곰탕(중)
kakao,여수동촌 대치점,가정식백반
kakao,여수동촌 대치점,멍게비빔밥
kakao,여수동촌 대치점,새조개샤브샤브
kakao,여수동촌 대치점,하모탕
kakao,여수동촌 대치점,벌교참꼬막
kakao,여수동촌 대치점,하모유비키
kakao,여수동촌 대치점,하모사시미
kakao,여수동촌 대치점,정어리쌈밥
kakao,여수동촌 대치점,여수삼합구이
kakao,여수동촌 대치점,전어회무침
kakao,여수동촌 대치점,새조개회무침
kakao,여수동촌 대치점,하모샤브샤브
kakao,여수동촌 대치점,회
kakao,가나돈까스의집,돈까스
kakao,가나돈까스의집,생선까스
kakao,가나돈까스의집,정식까스
kakao,가나돈까스의집,치즈까스
kakao,가나돈까스의집,특대까스
kakao,가나돈까스의집,육계장
kakao,가나돈까스의집,알밥
kakao,비블레스,카페라떼
kakao,비블레스,녹차라떼
kakao,비블레스,레몬에이드
kakao,갈맛집,돼지갈비 (600g)
kakao,갈맛집,제주토종흑돼지 (600g)
kakao,갈맛집,양념소갈비살 (1인분)
kakao,갈맛집,제육볶음 (점심메뉴)
kakao,갈맛집,흑돼지김치찌개 (점심메뉴)
kakao,마라공방 역삼점,마라탕 (100g)
kakao,마라공방 역삼점,마라반 (100g)
kakao,마라공방 역삼점,마라샹궈 (100g)
kakao,마라공방 역삼점,꿔바로우 (소)
kakao,마라공방 역삼점,지삼선
kakao,김양,김양모듬 (500g)
kakao,김양,프렌치렉 (250g)
kakao,김양,고급 생 양갈비 (250g)
kakao,김양,갈비살 (130g)
kakao,김양,양등심 (130g)
kakao,르플로우,아메리카노
kakao,르플로우,까페 라떼
kakao,르플로우,바닐라 라떼
kakao,르플로우,초코 라떼
kakao,르플로우,딸기 라떼
